1542,Auditorium,274401798|274400518|274399749,T1,A,QUETIGNY Centre,13369548,T1
1545,Cap Vert,274401807|274400527|274399758,T1,A,QUETIGNY Centre,13369548,T1
1546,CHU - Hôpitaux,274401802|274400522|274399753,T1,A,QUETIGNY Centre,13369548,T1
1462,Darcy,274401795|274400515|274399746,T1,A,QUETIGNY Centre,13369548,T1
1551,DIJON Gare,274401793,T1,A,QUETIGNY Centre,13369548,T1
1585,DIJON Gare,274400513,T1,A,QUETIGNY Centre,13369548,T1
1550,Erasme,274401803|274400523|274399754,T1,A,QUETIGNY Centre,13369548,T1
1467,Foch Gare,274401794|274400514|274399745,T1,A,QUETIGNY Centre,13369548,T1
1528,Godrans,274401796|274400516|274399747,T1,A,QUETIGNY Centre,13369548,T1
1543,Grand Marché,274401808|274400528|274399759,T1,A,QUETIGNY Centre,13369548,T1
1555,Grésilles,274401800|274400520|274399751,T1,A,QUETIGNY Centre,13369548,T1
1556,Mazen Sully,274401805|274400525|274399756,T1,A,QUETIGNY Centre,13369548,T1
1557,Parc des Sports,274401801|274400521|274399752,T1,A,QUETIGNY Centre,13369548,T1
1580,Piscine Olympique,274401806|274400526|274399757,T1,A,QUETIGNY Centre,13369548,T1
1558,Poincaré,274401799|274400519|274399750,T1,A,QUETIGNY Centre,13369548,T1
1559,Quetigny Centre,274401809|274400529|274399760,T1,A,QUETIGNY Centre,13369548,T1
1560,Republique T1,274401797|274400517|274399748,T1,A,QUETIGNY Centre,13369548,T1
1544,Universite,274401804|274400524|274399755,T1,A,QUETIGNY Centre,13369548,T1
1562,Auditorium,274434316|274433548|274433036,T1,R,DIJON Gare,13369548,T1
1565,Cap Vert,274434307|274433539|274433027,T1,R,DIJON Gare,13369548,T1
1566,CHU - Hôpitaux,274434312|274433544|274433032,T1,R,DIJON Gare,13369548,T1
1494,Darcy,274434319|274433551|274433039,T1,R,DIJON Gare,13369548,T1
1551,DIJON Gare,274434321,T1,R,DIJON Gare,13369548,T1
1585,DIJON Gare,274433041,T1,R,DIJON Gare,13369548,T1
1569,Erasme,274434311|274433543|274433031,T1,R,DIJON Gare,13369548,T1
1499,Foch Gare,274434320|274433552|274433040,T1,R,DIJON Gare,13369548,T1
1536,Godrans,274434318|274433550|274433038,T1,R,DIJON Gare,13369548,T1
1563,Grand Marché,274434306|274433538|274433026,T1,R,DIJON Gare,13369548,T1
1571,Grésilles,274434314|274433546|274433034,T1,R,DIJON Gare,13369548,T1
1572,Mazen Sully,274434309|274433541|274433029,T1,R,DIJON Gare,13369548,T1
1573,Parc des Sports,274434313|274433545|274433033,T1,R,DIJON Gare,13369548,T1
1581,Piscine Olympique,274434308|274433540|274433028,T1,R,DIJON Gare,13369548,T1
1574,Poincaré,274434315|274433547|274433035,T1,R,DIJON Gare,13369548,T1
1575,Quetigny Centre,274434305|274433537|274433025,T1,R,DIJON Gare,13369548,T1
1576,Republique T1,274434317|274433549|274433037,T1,R,DIJON Gare,13369548,T1
1564,Universite,274434310|274433542|274433030,T1,R,DIJON Gare,13369548,T1
1474,1er Mai,274467079|274466823|274465283,T2,A,Valmy,13369548,T2
1457,Bourroches,274467077|274466821|274465281,T2,A,Valmy,13369548,T2
1469,Carraz,274467076|274466820,T2,A,Valmy,13369548,T2
1459,CHENÔVE Centre,274467073,T2,A,Valmy,13369548,T2
1534,CHENÔVE Centre,274466817,T2,A,Valmy,13369548,T2
1462,Darcy,274467082|274466826|274465286,T2,A,Valmy,13369548,T2
1668,DIJON Valmy,274467093|274466837|274465297,T2,A,Valmy,13369548,T2
1465,Drapeau,274467085|274466829|274465289,T2,A,Valmy,13369548,T2
1466,Europe,274467088|274466832|274465292,T2,A,Valmy,13369548,T2
1467,Foch Gare,274467081|274466825|274465285,T2,A,Valmy,13369548,T2
1531,Giroud,274467092|274466836|274465296,T2,A,Valmy,13369548,T2
1528,Godrans,274467083|274466827|274465287,T2,A,Valmy,13369548,T2
1672,Jaurès,274467078|274466822|274465282,T2,A,Valmy,13369548,T2
1472,Junot,274467086|274466830|274465290,T2,A,Valmy,13369548,T2
1464,Le Mail,274467074|274466818,T2,A,Valmy,13369548,T2
1530,Monge,274467080|274466824|274465284,T2,A,Valmy,13369548,T2
1475,Nation,274467087|274466831|274465291,T2,A,Valmy,13369548,T2
1532,Pôle Santé,274467091|274466835|274465295,T2,A,Valmy,13369548,T2
1477,République T2,274467084|274466828|274465288,T2,A,Valmy,13369548,T2
1484,Toison dOr,274467089|274466833|274465293,T2,A,Valmy,13369548,T2
1533,Valendons,274467075|274466819,T2,A,Valmy,13369548,T2
1675,Zénith,274467090|274466834|274465294,T2,A,Valmy,13369548,T2
1507,1er Mai,274501135|274500111|274498575,T2,R,CHENOVE Centre,13369548,T2
1490,Bourroches,274501137|274500113|274498577,T2,R,CHENOVE Centre,13369548,T2
1502,Carraz,274502913|274502401|274500114|274498578,T2,R,CHENOVE Centre,13369548,T2
1459,CHENÔVE Centre,274502404|274498581,T2,R,CHENOVE Centre,13369548,T2
1534,CHENÔVE Centre,274502916|274500117,T2,R,CHENOVE Centre,13369548,T2
1494,Darcy,274501132|274500108|274498572,T2,R,CHENOVE Centre,13369548,T2
1509,DIJON Valmy,274501121|274500097|274498561,T2,R,CHENOVE Centre,13369548,T2
1497,Drapeau,274501129|274500105|274498569,T2,R,CHENOVE Centre,13369548,T2
1498,Europe,274501126|274500102|274498566,T2,R,CHENOVE Centre,13369548,T2
1499,Foch Gare,274501133|274500109|274498573,T2,R,CHENOVE Centre,13369548,T2
1538,Giroud,274501122|274500098|274498562,T2,R,CHENOVE Centre,13369548,T2
1536,Godrans,274501131|274500107|274498571,T2,R,CHENOVE Centre,13369548,T2
1683,Jaurès,274501136|274500112|274498576,T2,R,CHENOVE Centre,13369548,T2
1505,Junot,274501128|274500104|274498568,T2,R,CHENOVE Centre,13369548,T2
1496,Le Mail,274502915|274502403|274500116|274498580,T2,R,CHENOVE Centre,13369548,T2
1537,Monge,274501134|274500110|274498574,T2,R,CHENOVE Centre,13369548,T2
1508,Nation,274501127|274500103|274498567,T2,R,CHENOVE Centre,13369548,T2
1539,Pôle Santé,274501123|274500099|274498563,T2,R,CHENOVE Centre,13369548,T2
1510,République T2,274501130|274500106|274498570,T2,R,CHENOVE Centre,13369548,T2
1514,Toison dOr,274501125|274500101|274498565,T2,R,CHENOVE Centre,13369548,T2
1540,Valendons,274502914|274502402|274500115|274498579,T2,R,CHENOVE Centre,13369548,T2
1677,Zénith,274501124|274500100|274498564,T2,R,CHENOVE Centre,13369548,T2
1219,30 Octobre,268643602,3,A,Fontaine dOuche,13369548,L3
397,Albert 1er,268643609,3,A,Fontaine dOuche,13369548,L3
400,Avenue du Lac,268643612,3,A,Fontaine dOuche,13369548,L3
402,Bachelard,268643614,3,A,Fontaine dOuche,13369548,L3
405,Belin,268643617,3,A,Fontaine dOuche,13369548,L3
17,Boulanger,268643597,3,A,Fontaine dOuche,13369548,L3
20,Champmaillot,268643600,3,A,Fontaine dOuche,13369548,L3
403,Champs Perdrix,268643615,3,A,Fontaine dOuche,13369548,L3
398,CHS La Chartreuse,268643610,3,A,Fontaine dOuche,13369548,L3
19,Creux dEnfer,268643599,3,A,Fontaine dOuche,13369548,L3
486,Dallas CRI,268643587,3,A,Fontaine dOuche,13369548,L3
1230,Darcy Devosge,268643606,3,A,Fontaine dOuche,13369548,L3
18,Défense,268643598,3,A,Fontaine dOuche,13369548,L3
1288,Dupuis,268643605,3,A,Fontaine dOuche,13369548,L3
484,Epirey Cap Nord,268643585,3,A,Fontaine dOuche,13369548,L3
865,Fac. de Médecine,268643595,3,A,Fontaine dOuche,13369548,L3
344,Fontaine dOuche,268643618,3,A,Fontaine dOuche,13369548,L3
123,Gare SNCF,268643607,3,A,Fontaine dOuche,13369548,L3
399,Gorgets,268643611,3,A,Fontaine dOuche,13369548,L3
491,Grésilles,268643592,3,A,Fontaine dOuche,13369548,L3
1212,Jeanne dArc,268643596,3,A,Fontaine dOuche,13369548,L3
1339,Kir C. Ccial,268643613,3,A,Fontaine dOuche,13369548,L3
1613,Lycee Carnot,268643603,3,A,Fontaine dOuche,13369548,L3
487,Lycee Eiffel,268643588,3,A,Fontaine dOuche,13369548,L3
547,Mayence,268643586,3,A,Fontaine dOuche,13369548,L3
1610,Montmuzard,268643593,3,A,Fontaine dOuche,13369548,L3
1611,Parc des Sports,268643594,3,A,Fontaine dOuche,13369548,L3
404,Piscine,268643616,3,A,Fontaine dOuche,13369548,L3
489,Place des Savoirs,268643590,3,A,Fontaine dOuche,13369548,L3
1614,République,268643604,3,A,Fontaine dOuche,13369548,L3
488,Seguin,268643589,3,A,Fontaine dOuche,13369548,L3
396,SNCF Vincenot,268643608,3,A,Fontaine dOuche,13369548,L3
490,Ste Bernadette,268643591,3,A,Fontaine dOuche,13369548,L3
1612,Voltaire,268643601,3,A,Fontaine dOuche,13369548,L3
1216,30 Octobre,268676626,3,R,Epirey Cap Nord,13369548,L3
353,Albert 1er,268676618,3,R,Epirey Cap Nord,13369548,L3
350,Avenue du Lac,268676615,3,R,Epirey Cap Nord,13369548,L3
348,Bachelard,268676613,3,R,Epirey Cap Nord,13369548,L3
345,Belin,268676610,3,R,Epirey Cap Nord,13369548,L3
89,Boulanger,268676631,3,R,Epirey Cap Nord,13369548,L3
86,Champmaillot,268676628,3,R,Epirey Cap Nord,13369548,L3
347,Champs Perdrix,268676612,3,R,Epirey Cap Nord,13369548,L3
352,CHS La Chartreuse,268676617,3,R,Epirey Cap Nord,13369548,L3
87,Creux dEnfer,268676629,3,R,Epirey Cap Nord,13369548,L3
535,Dallas CRI,268676641,3,R,Epirey Cap Nord,13369548,L3
1609,Darcy Sevigné,268676622,3,R,Epirey Cap Nord,13369548,L3
88,Défense,268676630,3,R,Epirey Cap Nord,13369548,L3
197,Dupuis,268676623,3,R,Epirey Cap Nord,13369548,L3
484,Epirey Cap Nord,268676644,3,R,Epirey Cap Nord,13369548,L3
549,Epirey Cap Nord,268676643,3,R,Epirey Cap Nord,13369548,L3
903,Fac. de Médecine,268676633,3,R,Epirey Cap Nord,13369548,L3
344,Fontaine dOuche,268676609,3,R,Epirey Cap Nord,13369548,L3
124,Gare SNCF,268676621,3,R,Epirey Cap Nord,13369548,L3
351,Gorgets,268676616,3,R,Epirey Cap Nord,13369548,L3
530,Grésilles,268676636,3,R,Epirey Cap Nord,13369548,L3
881,Jeanne dArc,268676632,3,R,Epirey Cap Nord,13369548,L3
977,Kir C. Ccial,268676614,3,R,Epirey Cap Nord,13369548,L3
1616,Lycee Carnot,268676625,3,R,Epirey Cap Nord,13369548,L3
534,Lycee Eiffel,268676640,3,R,Epirey Cap Nord,13369548,L3
548,Mayence,268676642,3,R,Epirey Cap Nord,13369548,L3
1618,Montmuzard,268676635,3,R,Epirey Cap Nord,13369548,L3
354,Nodot,268676619,3,R,Epirey Cap Nord,13369548,L3
1617,Parc des Sports,268676634,3,R,Epirey Cap Nord,13369548,L3
346,Piscine,268676611,3,R,Epirey Cap Nord,13369548,L3
532,Place des Savoirs,268676638,3,R,Epirey Cap Nord,13369548,L3
1615,République,268676624,3,R,Epirey Cap Nord,13369548,L3
533,Seguin,268676639,3,R,Epirey Cap Nord,13369548,L3
355,SNCF Vincenot,268676620,3,R,Epirey Cap Nord,13369548,L3
531,Ste Bernadette,268676637,3,R,Epirey Cap Nord,13369548,L3
85,Voltaire,268676627,3,R,Epirey Cap Nord,13369548,L3
1350,Abbé Chanlon,268712479|268711967|268700191,4,A,CHENOVE Centre Commercial,13369548,L4
1257,Acti-sud,268711984,4,A,CHENOVE Centre Commercial,13369548,L4
316,Amandiers,268712457|268711945|268700169,4,A,CHENOVE Centre Commercial,13369548,L4
251,Bicentenaire,268712490|268711978|268700202,4,A,CHENOVE Centre Commercial,13369548,L4
235,Bossuet,268712467|268711955|268700179,4,A,CHENOVE Centre Commercial,13369548,L4
1348,Bourroches Eiffel,268712475|268711963|268700187,4,A,CHENOVE Centre Commercial,13369548,L4
321,Cellerier,268712462|268711950|268700174,4,A,CHENOVE Centre Commercial,13369548,L4
1258,Charton,268711985,4,A,CHENOVE Centre Commercial,13369548,L4
511,CHENÔVE C.Cial,268711987,4,A,CHENOVE Centre Commercial,13369548,L4
713,CHENÔVE C.Cial,268711986,4,A,CHENOVE Centre Commercial,13369548,L4
1623,CHENÔVE Centre,268712485|268711973|268700197,4,A,CHENOVE Centre Commercial,13369548,L4
504,Collège Chapitre,268712483|268711971|268700195,4,A,CHENOVE Centre Commercial,13369548,L4
502,Croix des Valendons,268712481|268711969|268700193,4,A,CHENOVE Centre Commercial,13369548,L4
250,Curie,268712489|268711977|268700201,4,A,CHENOVE Centre Commercial,13369548,L4
962,Dardelain,268711982,4,A,CHENOVE Centre Commercial,13369548,L4
1223,De Brosses,268712465|268711953|268700177,4,A,CHENOVE Centre Commercial,13369548,L4
603,Diebold,268712474|268711962|268700186,4,A,CHENOVE Centre Commercial,13369548,L4
505,Druet,268712484|268711972|268700196,4,A,CHENOVE Centre Commercial,13369548,L4
779,Dubois,268712463|268711951|268700175,4,A,CHENOVE Centre Commercial,13369548,L4
600,Faubourg Raines,268712471|268711959|268700183,4,A,CHENOVE Centre Commercial,13369548,L4
1387,Félizots,268712455|268711943|268700167,4,A,CHENOVE Centre Commercial,13369548,L4
249,Foussets,268712488|268711976|268700200,4,A,CHENOVE Centre Commercial,13369548,L4
806,Fyot,268712477|268711965|268700189,4,A,CHENOVE Centre Commercial,13369548,L4
1346,Glycines,268712456|268711944|268700168,4,A,CHENOVE Centre Commercial,13369548,L4
252,Grands Crus,268712491|268711979|268700203,4,A,CHENOVE Centre Commercial,13369548,L4
234,Grangier,268712466|268711954|268700178,4,A,CHENOVE Centre Commercial,13369548,L4
445,Hoin,268712460|268711948|268700172,4,A,CHENOVE Centre Commercial,13369548,L4
599,Hôpital,268712470|268711958|268700182,4,A,CHENOVE Centre Commercial,13369548,L4
317,Houdart,268712458|268711946|268700170,4,A,CHENOVE Centre Commercial,13369548,L4
253,Langevin,268712492|268711980|268700204,4,A,CHENOVE Centre Commercial,13369548,L4
1351,Léonard de Vinci,268712480|268711968|268700192,4,A,CHENOVE Centre Commercial,13369548,L4
436,Les Charmes,268712454|268711942|268700166,4,A,CHENOVE Centre Commercial,13369548,L4
1404,Le Suzon,268712451|268711939|268700163,4,A,CHENOVE Centre Commercial,13369548,L4
1375,Lycee De Gaulle,268712450|268711938|268700162,4,A,CHENOVE Centre Commercial,13369548,L4
602,Marillier,268712473|268711961|268700185,4,A,CHENOVE Centre Commercial,13369548,L4
254,Marsannay,268712493,4,A,CHENOVE Centre Commercial,13369548,L4
952,Marsannay,268711981|268700205,4,A,CHENOVE Centre Commercial,13369548,L4
1621,Monge,268712469|268711957|268700181,4,A,CHENOVE Centre Commercial,13369548,L4
435,Monnet,268712453|268711941|268700165,4,A,CHENOVE Centre Commercial,13369548,L4
1343,Nation,268712449|268711937|268700161,4,A,CHENOVE Centre Commercial,13369548,L4
1625,Piece Leger,268711983,4,A,CHENOVE Centre Commercial,13369548,L4
503,Renan,268712482|268711970|268700194,4,A,CHENOVE Centre Commercial,13369548,L4
1349,Richet,268712478|268711966|268700190,4,A,CHENOVE Centre Commercial,13369548,L4
320,Rouen,268712461|268711949|268700173,4,A,CHENOVE Centre Commercial,13369548,L4
248,Rue de Longvic,268712487|268711975|268700199,4,A,CHENOVE Centre Commercial,13369548,L4
601,Sainte Chantal,268712472|268711960|268700184,4,A,CHENOVE Centre Commercial,13369548,L4
78,Square Darcy,268712464|268711952|268700176,4,A,CHENOVE Centre Commercial,13369548,L4
1347,Terrillon,268712459|268711947|268700171,4,A,CHENOVE Centre Commercial,13369548,L4
1624,Thibaut,268712486|268711974|268700198,4,A,CHENOVE Centre Commercial,13369548,L4
1353,Trois Saffres,268712452|268711940|268700164,4,A,CHENOVE Centre Commercial,13369548,L4
1266,Volnay,268712476|268711964|268700188,4,A,CHENOVE Centre Commercial,13369548,L4
236,Zola,268712468|268711956|268700180,4,A,CHENOVE Centre Commercial,13369548,L4
1356,Abbé Chanlon,268745486|268744979,4,R,Nation,13369548,L4
1275,Acti-sud,268744963,4,R,Nation,13369548,L4
302,Amandiers,268745509|268745002,4,R,Nation,13369548,L4
256,Bicentenaire,268745475|268744968,4,R,Nation,13369548,L4
272,Bossuet,268745498|268744991,4,R,Nation,13369548,L4
1358,Bourroches Eiffel,268745490|268744983,4,R,Nation,13369548,L4
297,Cellerier,268745503|268744996,4,R,Nation,13369548,L4
1274,Charton,268744962,4,R,Nation,13369548,L4
511,CHENÔVE C.Cial,268744961,4,R,Nation,13369548,L4
1628,CHENÔVE Centre,268745480|268744973,4,R,Nation,13369548,L4
517,College Chapitre,268745482|268744975,4,R,Nation,13369548,L4
519,Croix des Valendons,268745484|268744977,4,R,Nation,13369548,L4
257,Curie,268745476|268744969,4,R,Nation,13369548,L4
1230,Darcy Devosge,268745501|268744994,4,R,Nation,13369548,L4
959,Dardelain,268744965,4,R,Nation,13369548,L4
1229,De Brosses,268745500|268744993,4,R,Nation,13369548,L4
630,Diebold,268745491|268744984,4,R,Nation,13369548,L4
1354,Druet,268745481|268744974,4,R,Nation,13369548,L4
785,Dubois,268745502|268744995,4,R,Nation,13369548,L4
633,Faubourg Raines,268745494|268744987,4,R,Nation,13369548,L4
423,Félizots,268745511|268745004,4,R,Nation,13369548,L4
258,Foussets,268745477|268744970,4,R,Nation,13369548,L4
807,Fyot,268745488|268744981,4,R,Nation,13369548,L4
416,Ghys,268745506|268744999,4,R,Nation,13369548,L4
1360,Glycines,268745510|268745003,4,R,Nation,13369548,L4
334,Grands Crus,268745474|268744967,4,R,Nation,13369548,L4
273,Grangier,268745499|268744992,4,R,Nation,13369548,L4
415,Hoin,268745505|268744998,4,R,Nation,13369548,L4
634,Hôpital,268745495|268744988,4,R,Nation,13369548,L4
301,Houdart,268745508|268745001,4,R,Nation,13369548,L4
1355,Léonard de Vinci,268745485|268744978,4,R,Nation,13369548,L4
424,Les Charmes,268745512|268745005,4,R,Nation,13369548,L4
1363,Le Suzon,268745515|268745008,4,R,Nation,13369548,L4
733,Lycée de Gaulle,268745516|268745009,4,R,Nation,13369548,L4
631,Marillier,268745492|268744985,4,R,Nation,13369548,L4
254,Marsannay,268745473|268744966,4,R,Nation,13369548,L4
1629,Monge,268745496|268744989,4,R,Nation,13369548,L4
425,Monnet,268745513|268745006,4,R,Nation,13369548,L4
1343,Nation,268745517|268745010,4,R,Nation,13369548,L4
1626,Piece Leger,268744964,4,R,Nation,13369548,L4
518,Renan,268745483|268744976,4,R,Nation,13369548,L4
1357,Richet,268745487|268744980,4,R,Nation,13369548,L4
298,Rouen,268745504|268744997,4,R,Nation,13369548,L4
259,Rue de Longvic,268745478|268744971,4,R,Nation,13369548,L4
632,Ste Chantal,268745493|268744986,4,R,Nation,13369548,L4
987,Terrillon,268745507|268745000,4,R,Nation,13369548,L4
1627,Thibaut,268745479|268744972,4,R,Nation,13369548,L4
1362,Trois Saffres,268745514|268745007,4,R,Nation,13369548,L4
1265,Volnay,268745489|268744982,4,R,Nation,13369548,L4
271,Zola,268745497|268744990,4,R,Nation,13369548,L4
1365,21e Siecle,268771586,5,A,TALANT Dullin,13369548,L5
1367,AgroSup,268771588,5,A,TALANT Dullin,13369548,L5
33,Arandes,268771611,5,A,TALANT Dullin,13369548,L5
272,Bossuet,268771601,5,A,TALANT Dullin,13369548,L5
1170,Canzio,268771615,5,A,TALANT Dullin,13369548,L5
34,Chaumières,268771612,5,A,TALANT Dullin,13369548,L5
32,Clomiers,268771610,5,A,TALANT Dullin,13369548,L5
558,DArbaumont,268771591,5,A,TALANT Dullin,13369548,L5
1230,Darcy Devosge,268771604,5,A,TALANT Dullin,13369548,L5
1229,De Brosses,268771603,5,A,TALANT Dullin,13369548,L5
296,De Musset,268771593,5,A,TALANT Dullin,13369548,L5
209,Dubois,268771605,5,A,TALANT Dullin,13369548,L5
1227,Fevret,268771596,5,A,TALANT Dullin,13369548,L5
29,Génois,268771607,5,A,TALANT Dullin,13369548,L5
273,Grangier,268771602,5,A,TALANT Dullin,13369548,L5
35,Herriot,268771613,5,A,TALANT Dullin,13369548,L5
1366,IUT,268771587,5,A,TALANT Dullin,13369548,L5
39,Jouvet,268771618,5,A,TALANT Dullin,13369548,L5
36,La Fillotte,268771614,5,A,TALANT Dullin,13369548,L5
41,Mail,268771620,5,A,TALANT Dullin,13369548,L5
556,Mansart,268771589,5,A,TALANT Dullin,13369548,L5
270,Monge,268771599,5,A,TALANT Dullin,13369548,L5
37,Moulissards,268771616,5,A,TALANT Dullin,13369548,L5
38,Nachey,268771617,5,A,TALANT Dullin,13369548,L5
43,Neruda,268771622,5,A,TALANT Dullin,13369548,L5
557,Petites Roches,268771590,5,A,TALANT Dullin,13369548,L5
40,Picasso,268771619,5,A,TALANT Dullin,13369548,L5
1097,Prison,268771592,5,A,TALANT Dullin,13369548,L5
42,Rétisseys,268771621,5,A,TALANT Dullin,13369548,L5
28,Spuller,268771606,5,A,TALANT Dullin,13369548,L5
31,St Mesmin,268771609,5,A,TALANT Dullin,13369548,L5
1228,Suquet,268771598,5,A,TALANT Dullin,13369548,L5
44,Talant Dullin,268771623,5,A,TALANT Dullin,13369548,L5
748,Transvaal,268771597,5,A,TALANT Dullin,13369548,L5
1364,Universite,268771585,5,A,TALANT Dullin,13369548,L5
141,Wilson Carnot,268771594,5,A,TALANT Dullin,13369548,L5
747,Wilson Sisley,268771595,5,A,TALANT Dullin,13369548,L5
30,Ziem,268771608,5,A,TALANT Dullin,13369548,L5
271,Zola,268771600,5,A,TALANT Dullin,13369548,L5
1370,21e siecle,268804645,5,R,Université,13369548,L5
1368,AgroSup,268804643,5,R,Université,13369548,L5
72,Arandes,268804621,5,R,Université,13369548,L5
322,Baudin,268804637,5,R,Université,13369548,L5
235,Bossuet,268804631,5,R,Université,13369548,L5
1634,Canzio,268804617,5,R,Université,13369548,L5
71,Chaumières,268804620,5,R,Université,13369548,L5
73,Clomiers,268804622,5,R,Université,13369548,L5
560,DArbaumont,268804640,5,R,Université,13369548,L5
1223,De Brosses,268804629,5,R,Université,13369548,L5
323,De Musset,268804638,5,R,Université,13369548,L5
1222,Dubois,268804627,5,R,Université,13369548,L5
76,Génois,268804625,5,R,Université,13369548,L5
234,Grangier,268804630,5,R,Université,13369548,L5
70,Herriot,268804619,5,R,Université,13369548,L5
1369,IUT,268804644,5,R,Université,13369548,L5
66,Jouvet,268804614,5,R,Université,13369548,L5
69,La Fillotte,268804618,5,R,Université,13369548,L5
64,Mail,268804612,5,R,Université,13369548,L5
562,Mansart,268804642,5,R,Université,13369548,L5
237,Monge,268804633,5,R,Université,13369548,L5
68,Moulissards,268804616,5,R,Université,13369548,L5
67,Nachey,268804615,5,R,Université,13369548,L5
62,Neruda,268804610,5,R,Université,13369548,L5
561,Petites Roches,268804641,5,R,Université,13369548,L5
65,Picasso,268804613,5,R,Université,13369548,L5
1099,Prison,268804639,5,R,Université,13369548,L5
63,Rétisseys,268804611,5,R,Université,13369548,L5
77,Spuller,268804626,5,R,Université,13369548,L5
78,Square Darcy,268804628,5,R,Université,13369548,L5
74,St Mesmin,268804623,5,R,Université,13369548,L5
1224,Suquet,268804634,5,R,Université,13369548,L5
44,Talant Dullin,268804609,5,R,Université,13369548,L5
745,Transvaal,268804635,5,R,Université,13369548,L5
1364,Universite,268804646,5,R,Université,13369548,L5
746,Wilson Dumont,268804636,5,R,Université,13369548,L5
75,Ziem,268804624,5,R,Université,13369548,L5
236,Zola,268804632,5,R,Université,13369548,L5
1219,30 Octobre,268832022,6,A,Toison dOr / Zénith,13369548,L6
690,Alsace,268832029,6,A,Toison dOr / Zénith,13369548,L6
135,Barbusse,268832010,6,A,Toison dOr / Zénith,13369548,L6
142,Bibliothèque,268832017,6,A,Toison dOr / Zénith,13369548,L6
126,Bief du Moulin,268832002,6,A,Toison dOr / Zénith,13369548,L6
1195,Bouhey,268832006,6,A,Toison dOr / Zénith,13369548,L6
134,Bourillot,268832009,6,A,Toison dOr / Zénith,13369548,L6
83,Buffon,268832019,6,A,Toison dOr / Zénith,13369548,L6
137,Chancenotte,268832012,6,A,Toison dOr / Zénith,13369548,L6
701,Churchill,268832039,6,A,Toison dOr / Zénith,13369548,L6
696,Cité du Soleil,268832034,6,A,Toison dOr / Zénith,13369548,L6
1255,Cours Fleury,268832025,6,A,Toison dOr / Zénith,13369548,L6
691,Giraud,268832030,6,A,Toison dOr / Zénith,13369548,L6
700,Granville,268832038,6,A,Toison dOr / Zénith,13369548,L6
694,Joffre,268832032,6,A,Toison dOr / Zénith,13369548,L6
697,La Vapeur,268832035,6,A,Toison dOr / Zénith,13369548,L6
139,Le Nôtre,268832014,6,A,Toison dOr / Zénith,13369548,L6
125,Longvic,268832001,6,A,Toison dOr / Zénith,13369548,L6
127,Longvic Mairie,268832003,6,A,Toison dOr / Zénith,13369548,L6
1613,Lycee Carnot,268832023,6,A,Toison dOr / Zénith,13369548,L6
84,Lycee H.Fontaine,268832020,6,A,Toison dOr / Zénith,13369548,L6
699,Marcel Proust,268832037,6,A,Toison dOr / Zénith,13369548,L6
688,Marne,268832027,6,A,Toison dOr / Zénith,13369548,L6
136,Parc,268832011,6,A,Toison dOr / Zénith,13369548,L6
138,Piscine Carrousel,268832013,6,A,Toison dOr / Zénith,13369548,L6
132,Pommerets,268832007,6,A,Toison dOr / Zénith,13369548,L6
1292,Prevots,268832004,6,A,Toison dOr / Zénith,13369548,L6
140,Princes de Condé,268832015,6,A,Toison dOr / Zénith,13369548,L6
695,Quantin,268832033,6,A,Toison dOr / Zénith,13369548,L6
689,Reims,268832028,6,A,Toison dOr / Zénith,13369548,L6
1614,République,268832024,6,A,Toison dOr / Zénith,13369548,L6
698,Roosevelt,268832036,6,A,Toison dOr / Zénith,13369548,L6
133,Tamaris,268832008,6,A,Toison dOr / Zénith,13369548,L6
82,THÉÂTRE,268832018,6,A,Toison dOr / Zénith,13369548,L6
1372,Theuriet,268832031,6,A,Toison dOr / Zénith,13369548,L6
1371,Toison dOr,268832040,6,A,Toison dOr / Zénith,13369548,L6
1635,Vaillant,268832026,6,A,Toison dOr / Zénith,13369548,L6
131,Valentin,268832005,6,A,Toison dOr / Zénith,13369548,L6
1612,Voltaire,268832021,6,A,Toison dOr / Zénith,13369548,L6
141,Wilson Carnot,268832016,6,A,Toison dOr / Zénith,13369548,L6
1216,30 Octobre,268865043,6,R,LONGVIC,13369548,L6
676,Alsace,268865036,6,R,LONGVIC,13369548,L6
188,Barbusse,268865055,6,R,LONGVIC,13369548,L6
181,Bibliothèque,268865048,6,R,LONGVIC,13369548,L6
196,Bief du Moulin,268865063,6,R,LONGVIC,13369548,L6
1196,Bouhey,268865059,6,R,LONGVIC,13369548,L6
189,Bourillot,268865056,6,R,LONGVIC,13369548,L6
186,Chancenotte,268865053,6,R,LONGVIC,13369548,L6
665,Churchill,268865026,6,R,LONGVIC,13369548,L6
670,Cité du Soleil,268865031,6,R,LONGVIC,13369548,L6
1248,Cours Fleury,268865040,6,R,LONGVIC,13369548,L6
1405,Duhamel,268865064,6,R,LONGVIC,13369548,L6
675,Giraud,268865035,6,R,LONGVIC,13369548,L6
666,Granville,268865027,6,R,LONGVIC,13369548,L6
672,Joffre,268865033,6,R,LONGVIC,13369548,L6
669,La Vapeur,268865030,6,R,LONGVIC,13369548,L6
184,Le Nôtre,268865051,6,R,LONGVIC,13369548,L6
125,Longvic,268865065,6,R,LONGVIC,13369548,L6
195,Longvic Mairie,268865062,6,R,LONGVIC,13369548,L6
1616,Lycee Carnot,268865042,6,R,LONGVIC,13369548,L6
21,Lycee H.Fontaine,268865044,6,R,LONGVIC,13369548,L6
667,Marcel Proust,268865028,6,R,LONGVIC,13369548,L6
208,Marne,268865038,6,R,LONGVIC,13369548,L6
187,Parc,268865054,6,R,LONGVIC,13369548,L6
185,Piscine Carrousel,268865052,6,R,LONGVIC,13369548,L6
191,Pommerets,268865058,6,R,LONGVIC,13369548,L6
193,Prevots,268865061,6,R,LONGVIC,13369548,L6
183,Princes de Condé,268865050,6,R,LONGVIC,13369548,L6
671,Quantin,268865032,6,R,LONGVIC,13369548,L6
677,Reims,268865037,6,R,LONGVIC,13369548,L6
1615,République,268865041,6,R,LONGVIC,13369548,L6
668,Roosevelt,268865029,6,R,LONGVIC,13369548,L6
22,Saumaise,268865045,6,R,LONGVIC,13369548,L6
23,St Michel,268865046,6,R,LONGVIC,13369548,L6
190,Tamaris,268865057,6,R,LONGVIC,13369548,L6
180,THÉÂTRE,268865047,6,R,LONGVIC,13369548,L6
723,Theuriet,268865034,6,R,LONGVIC,13369548,L6
1371,Toison dOr,268865025,6,R,LONGVIC,13369548,L6
1636,Vaillant,268865039,6,R,LONGVIC,13369548,L6
192,Valentin,268865060,6,R,LONGVIC,13369548,L6
182,Wilson Sisley,268865049,6,R,LONGVIC,13369548,L6
121,Allende,268894740,7,A,QUETIGNY Europe,13369548,L7
60,Atria,268897292|268894732,7,A,QUETIGNY Europe,13369548,L7
57,Bois du Roy,268897289|268894729,7,A,QUETIGNY Europe,13369548,L7
119,Camus,268894738,7,A,QUETIGNY Europe,13369548,L7
1066,Château,268894736,7,A,QUETIGNY Europe,13369548,L7
1322,CHEVIGNY,268897281|268894721,7,A,QUETIGNY Europe,13369548,L7
1384,CHEVIGNY Mairie,268897286|268894726,7,A,QUETIGNY Europe,13369548,L7
112,Clématites,268897285|268894725,7,A,QUETIGNY Europe,13369548,L7
1067,Collège Rostand,268894737,7,A,QUETIGNY Europe,13369548,L7
1651,Grand Marché,268897295|268894735,7,A,QUETIGNY Europe,13369548,L7
1324,Kennedy,268897283|268894723,7,A,QUETIGNY Europe,13369548,L7
1323,LOgive,268897282|268894722,7,A,QUETIGNY Europe,13369548,L7
56,Lycee Boivin,268897288|268894728,7,A,QUETIGNY Europe,13369548,L7
59,Lycee de Serres,268897291|268894731,7,A,QUETIGNY Europe,13369548,L7
1334,Moliere,268897287|268894727,7,A,QUETIGNY Europe,13369548,L7
1383,Pasteur,268897284|268894724,7,A,QUETIGNY Europe,13369548,L7
120,Prévert,268894739,7,A,QUETIGNY Europe,13369548,L7
61,Quetignerot,268897293|268894733,7,A,QUETIGNY Europe,13369548,L7
1192,Quetigny,268894741,7,A,QUETIGNY Europe,13369548,L7
1650,Quetigny C.Cial,268897294|268894734,7,A,QUETIGNY Europe,13369548,L7
58,Visitation,268897290|268894730,7,A,QUETIGNY Europe,13369548,L7
1191,Allende,268928770,7,R,CHEVIGNY,13369548,L7
99,Atria,268928778,7,R,CHEVIGNY,13369548,L7
102,Bois du Roy,268928781,7,R,CHEVIGNY,13369548,L7
1189,Camus,268928772,7,R,CHEVIGNY,13369548,L7
1064,Château,268928774,7,R,CHEVIGNY,13369548,L7
1322,CHEVIGNY,268928790,7,R,CHEVIGNY,13369548,L7
1331,CHEVIGNY,268928789,7,R,CHEVIGNY,13369548,L7
1385,CHEVIGNY Mairie,268928784,7,R,CHEVIGNY,13369548,L7
47,Clématites,268928785,7,R,CHEVIGNY,13369548,L7
1063,Collège Rostand,268928773,7,R,CHEVIGNY,13369548,L7
1637,Grand Marché,268928775,7,R,CHEVIGNY,13369548,L7
1329,Kennedy,268928787,7,R,CHEVIGNY,13369548,L7
1330,LOgive,268928788,7,R,CHEVIGNY,13369548,L7
1172,Lycee Boivin,268928782,7,R,CHEVIGNY,13369548,L7
100,Lycee de Serres,268928779,7,R,CHEVIGNY,13369548,L7
1335,Moliere,268928783,7,R,CHEVIGNY,13369548,L7
1386,Pasteur,268928786,7,R,CHEVIGNY,13369548,L7
1190,Prévert,268928771,7,R,CHEVIGNY,13369548,L7
98,Quetignerot,268928777,7,R,CHEVIGNY,13369548,L7
1192,Quetigny,268928769,7,R,CHEVIGNY,13369548,L7
1638,Quetigny C.Cial,268928776,7,R,CHEVIGNY,13369548,L7
101,Visitation,268928780,7,R,CHEVIGNY,13369548,L7
679,1er Mai Foyer,269031438,C,A,Marmuzots,13382451,Corol
986,Allobroges,269031463,C,A,Marmuzots,13382451,Corol
348,Bachelard,269031429,C,A,Marmuzots,13382451,Corol
345,Belin,269031426,C,A,Marmuzots,13382451,Corol
541,Billardon,269031454,C,A,Marmuzots,13382451,Corol
629,Bourroches Eiffel,269031433,C,A,Marmuzots,13382451,Corol
907,Boutaric,269031459,C,A,Marmuzots,13382451,Corol
156,Bouteiller,269031453,C,A,Marmuzots,13382451,Corol
347,Champs Perdrix,269031428,C,A,Marmuzots,13382451,Corol
876,Chancenotte,269031443,C,A,Marmuzots,13382451,Corol
1207,Chèvre Morte,269031468,C,A,Marmuzots,13382451,Corol
877,Collège Les Lentillères,269031444,C,A,Marmuzots,13382451,Corol
905,DAlembert,269031457,C,A,Marmuzots,13382451,Corol
630,Diebold,269031434,C,A,Marmuzots,13382451,Corol
447,ESPE,269031440,C,A,Marmuzots,13382451,Corol
903,Fac. de Médecine,269031450,C,A,Marmuzots,13382451,Corol
879,Fac. des Lettres,269031447,C,A,Marmuzots,13382451,Corol
880,Fac. des Sciences,269031448,C,A,Marmuzots,13382451,Corol
963,Fontaine dOuche,269031425,C,A,Marmuzots,13382451,Corol
881,Jeanne dArc,269031449,C,A,Marmuzots,13382451,Corol
985,Junot,269031462,C,A,Marmuzots,13382451,Corol
977,Kir C. Ccial,269031430,C,A,Marmuzots,13382451,Corol
906,Laplace,269031458,C,A,Marmuzots,13382451,Corol
989,Loti,269031467,C,A,Marmuzots,13382451,Corol
680,Lycee le Castel,269031439,C,A,Marmuzots,13382451,Corol
631,Marillier,269031435,C,A,Marmuzots,13382451,Corol
1608,Marmuzots,269031469,C,A,Marmuzots,13382451,Corol
1205,Milsand,269031441,C,A,Marmuzots,13382451,Corol
831,Parc des Sports,269031451,C,A,Marmuzots,13382451,Corol
878,Péjoces,269031446,C,A,Marmuzots,13382451,Corol
346,Piscine,269031427,C,A,Marmuzots,13382451,Corol
489,Place des Savoirs,269031455,C,A,Marmuzots,13382451,Corol
650,Rolin,269031437,C,A,Marmuzots,13382451,Corol
628,Rossignol Eiffel,269031432,C,A,Marmuzots,13382451,Corol
443,Saint Martin,269031464,C,A,Marmuzots,13382451,Corol
293,Salengro,269031445,C,A,Marmuzots,13382451,Corol
490,Ste Bernadette,269031456,C,A,Marmuzots,13382451,Corol
632,Ste Chantal,269031436,C,A,Marmuzots,13382451,Corol
983,St Exupery,269031460,C,A,Marmuzots,13382451,Corol
988,Suisse,269031466,C,A,Marmuzots,13382451,Corol
987,Terrillon,269031465,C,A,Marmuzots,13382451,Corol
984,Theuriet,269031461,C,A,Marmuzots,13382451,Corol
980,Tire-Pesseau,269031431,C,A,Marmuzots,13382451,Corol
875,Tournois,269031442,C,A,Marmuzots,13382451,Corol
832,Urgences C.H.U.,269031452,C,A,Marmuzots,13382451,Corol
686,1er Mai Foyer,269059363,C,R,Fontaine dOuche,13382451,Corol
978,Allobroges,269059338,C,R,Fontaine dOuche,13382451,Corol
402,Bachelard,269059372,C,R,Fontaine dOuche,13382451,Corol
405,Belin,269059375,C,R,Fontaine dOuche,13382451,Corol
539,Billardon,269059347,C,R,Fontaine dOuche,13382451,Corol
604,Bourroches Eiffel,269059368,C,R,Fontaine dOuche,13382451,Corol
861,Boutaric,269059342,C,R,Fontaine dOuche,13382451,Corol
129,Bouteiller,269059348,C,R,Fontaine dOuche,13382451,Corol
403,Champs Perdrix,269059373,C,R,Fontaine dOuche,13382451,Corol
870,Chancenotte,269059358,C,R,Fontaine dOuche,13382451,Corol
1210,Chèvre Morte,269059333,C,R,Fontaine dOuche,13382451,Corol
869,Collège Les Lentillères,269059357,C,R,Fontaine dOuche,13382451,Corol
863,DAlembert,269059344,C,R,Fontaine dOuche,13382451,Corol
603,Diebold,269059367,C,R,Fontaine dOuche,13382451,Corol
412,ESPE,269059361,C,R,Fontaine dOuche,13382451,Corol
865,Fac. de Médecine,269059351,C,R,Fontaine dOuche,13382451,Corol
867,Fac. des Lettres,269059354,C,R,Fontaine dOuche,13382451,Corol
866,Fac. des Sciences,269059353,C,R,Fontaine dOuche,13382451,Corol
150,Fontaine aux Fées,269059331,C,R,Fontaine dOuche,13382451,Corol
963,Fontaine dOuche,269059376,C,R,Fontaine dOuche,13382451,Corol
1212,Jeanne dArc,269059352,C,R,Fontaine dOuche,13382451,Corol
970,Junot,269059339,C,R,Fontaine dOuche,13382451,Corol
1214,Kir C. Ccial,269059371,C,R,Fontaine dOuche,13382451,Corol
862,Laplace,269059343,C,R,Fontaine dOuche,13382451,Corol
1243,Leclerc,269059332,C,R,Fontaine dOuche,13382451,Corol
967,Loti,269059334,C,R,Fontaine dOuche,13382451,Corol
685,Lycee le Castel,269059362,C,R,Fontaine dOuche,13382451,Corol
602,Marillier,269059366,C,R,Fontaine dOuche,13382451,Corol
1608,Marmuzots,269059329,C,R,Fontaine dOuche,13382451,Corol
1213,Milsand,269059360,C,R,Fontaine dOuche,13382451,Corol
829,Parc des Sports,269059350,C,R,Fontaine dOuche,13382451,Corol
868,Péjoces,269059355,C,R,Fontaine dOuche,13382451,Corol
404,Piscine,269059374,C,R,Fontaine dOuche,13382451,Corol
532,Place des Savoirs,269059346,C,R,Fontaine dOuche,13382451,Corol
149,Réservoir,269059330,C,R,Fontaine dOuche,13382451,Corol
653,Rolin,269059364,C,R,Fontaine dOuche,13382451,Corol
605,Rossignol Eiffel,269059369,C,R,Fontaine dOuche,13382451,Corol
601,Sainte Chantal,269059365,C,R,Fontaine dOuche,13382451,Corol
417,Saint Martin,269059337,C,R,Fontaine dOuche,13382451,Corol
326,Salengro,269059356,C,R,Fontaine dOuche,13382451,Corol
531,Ste Bernadette,269059345,C,R,Fontaine dOuche,13382451,Corol
971,St Exupery,269059341,C,R,Fontaine dOuche,13382451,Corol
968,Suisse,269059335,C,R,Fontaine dOuche,13382451,Corol
969,Terrillon,269059336,C,R,Fontaine dOuche,13382451,Corol
674,Theuriet,269059340,C,R,Fontaine dOuche,13382451,Corol
974,Tire-Pesseau,269059370,C,R,Fontaine dOuche,13382451,Corol
871,Tournois,269059359,C,R,Fontaine dOuche,13382451,Corol
159,Urgences C.H.U.,269059349,C,R,Fontaine dOuche,13382451,Corol
11,Beaux Arts,270796806,DIV,A,République,13369395,City
1089,Berbisey,270797319|270796818,DIV,A,République,13369395,City
181,Bibliothèque,270796808,DIV,A,République,13369395,City
15,Bossuet,270796811,DIV,A,République,13369395,City
13,Cordeliers,270796809,DIV,A,République,13369395,City
1088,Crébillon,270797318|270796817,DIV,A,République,13369395,City
273,Grangier,270797313|270796812,DIV,A,République,13369395,City
10,JJ Rousseau,270796803,DIV,A,République,13369395,City
1082,Notre Dame,270796805,DIV,A,République,13369395,City
1084,Parking Darcy,270797315|270796814,DIV,A,République,13369395,City
1090,Parking Tivoli,270797320|270796819,DIV,A,République,13369395,City
1087,Parvis St Jean,270797317|270796816,DIV,A,République,13369395,City
1182,Poste,270797314|270796813,DIV,A,République,13369395,City
1081,Préfecture,270796804,DIV,A,République,13369395,City
45,Republique,270796801,DIV,A,République,13369395,City
1615,République,270796802,DIV,A,République,13369395,City
14,Roussin,270796810,DIV,A,République,13369395,City
1085,St Bénigne,270797316|270796815,DIV,A,République,13369395,City
180,THÉÂTRE,270796807,DIV,A,République,13369395,City
1091,Tivoli,270797321|270796820,DIV,A,République,13369395,City
6,Beaux Arts,270830087,DIV,R,Darcy,13369395,City
142,Bibliothèque,270830085,DIV,R,Darcy,13369395,City
1093,Cordeliers,270830083,DIV,R,Darcy,13369395,City
9,Notre Dame,270830088,DIV,R,Darcy,13369395,City
1092,Parking Ste Anne,270830082,DIV,R,Darcy,13369395,City
7,Parking Trémouille,270830090,DIV,R,Darcy,13369395,City
8,Préfecture,270830089,DIV,R,Darcy,13369395,City
0,Rempart,270830084,DIV,R,Darcy,13369395,City
45,Republique,270830091,DIV,R,Darcy,13369395,City
212,Théatre Lamonnoye,270830086,DIV,R,Darcy,13369395,City
1091,Tivoli,270830081,DIV,R,Darcy,13369395,City
146,Bagatelle,269094167|269093399,10,A,TALANT Citadelle,6710988,B10
742,Barbe,269094161|269093393,10,A,TALANT Citadelle,6710988,B10
741,Beaune,269094160|269093392,10,A,TALANT Citadelle,6710988,B10
459,Belfontaine,269094148|269093380,10,A,TALANT Citadelle,6710988,B10
1208,Brossolette,269094184|269093416,10,A,TALANT Citadelle,6710988,B10
440,Camélias,269094154|269093386,10,A,TALANT Citadelle,6710988,B10
782,Cortots,269094147|269093379,10,A,TALANT Citadelle,6710988,B10
153,Côte aux Moines,269094176|269093408,10,A,TALANT Citadelle,6710988,B10
780,Cottages,269094174|269093406,10,A,TALANT Citadelle,6710988,B10
1248,Cours Fleury,269094162|269093394,10,A,TALANT Citadelle,6710988,B10
1230,Darcy Devosge,269094164|269093396,10,A,TALANT Citadelle,6710988,B10
1288,Dupuis,269094163|269093395,10,A,TALANT Citadelle,6710988,B10
152,Fassoles,269094175|269093407,10,A,TALANT Citadelle,6710988,B10
1287,Fauconnet,269094157|269093389,10,A,TALANT Citadelle,6710988,B10
150,Fontaine aux Fées,269094171|269093403,10,A,TALANT Citadelle,6710988,B10
784,Fontaine Centre Commercial,269093377,10,A,TALANT Citadelle,6710988,B10
442,Glaieuls,269094156|269093388,10,A,TALANT Citadelle,6710988,B10
740,Houblonnière,269094159|269093391,10,A,TALANT Citadelle,6710988,B10
39,Jouvet,269094179|269093411,10,A,TALANT Citadelle,6710988,B10
1243,Leclerc,269094172|269093404,10,A,TALANT Citadelle,6710988,B10
734,Le Suzon,269094151|269093383,10,A,TALANT Citadelle,6710988,B10
155,Logis de Bourgogne,269094178|269093410,10,A,TALANT Citadelle,6710988,B10
41,Mail,269094181|269093413,10,A,TALANT Citadelle,6710988,B10
739,Mazieres,269094158|269093390,10,A,TALANT Citadelle,6710988,B10
441,Morvan,269094155|269093387,10,A,TALANT Citadelle,6710988,B10
43,Neruda,269094183|269093415,10,A,TALANT Citadelle,6710988,B10
1231,Perrieres,269094168|269093400,10,A,TALANT Citadelle,6710988,B10
1,Petite Fin,269094150|269093382,10,A,TALANT Citadelle,6710988,B10
40,Picasso,269094180|269093412,10,A,TALANT Citadelle,6710988,B10
154,Place des Arbalétriers,269094177|269093409,10,A,TALANT Citadelle,6710988,B10
1285,Portefeuilles,269094152|269093384,10,A,TALANT Citadelle,6710988,B10
1344,Pre Potets,269094146|269093378,10,A,TALANT Citadelle,6710988,B10
460,Ratel,269094149|269093381,10,A,TALANT Citadelle,6710988,B10
149,Réservoir,269094170|269093402,10,A,TALANT Citadelle,6710988,B10
42,Rétisseys,269094182|269093414,10,A,TALANT Citadelle,6710988,B10
145,SNCF Brifaut,269094166|269093398,10,A,TALANT Citadelle,6710988,B10
776,Square Darcy,269094165|269093397,10,A,TALANT Citadelle,6710988,B10
148,St Francois,269094169|269093401,10,A,TALANT Citadelle,6710988,B10
1204,TALANT Citadelle,269094185|269093417,10,A,TALANT Citadelle,6710988,B10
151,Talant Libération,269094173|269093405,10,A,TALANT Citadelle,6710988,B10
1286,Verdun,269094153|269093385,10,A,TALANT Citadelle,6710988,B10
986,Allobroges,269125918,10,R,FONTAINE Centre Commercial,6710988,B10
177,Bagatelle,269125907,10,R,FONTAINE Centre Commercial,6710988,B10
752,Barbe,269125913,10,R,FONTAINE Centre Commercial,6710988,B10
753,Beaune,269125914,10,R,FONTAINE Centre Commercial,6710988,B10
427,Belfontaine,269125927,10,R,FONTAINE Centre Commercial,6710988,B10
1209,Brossolette,269125890,10,R,FONTAINE Centre Commercial,6710988,B10
420,Camélias,269125921,10,R,FONTAINE Centre Commercial,6710988,B10
783,Cortots,269125928,10,R,FONTAINE Centre Commercial,6710988,B10
170,Côte aux Moines,269125898,10,R,FONTAINE Centre Commercial,6710988,B10
781,Cottages,269125900,10,R,FONTAINE Centre Commercial,6710988,B10
1255,Cours Fleury,269125912,10,R,FONTAINE Centre Commercial,6710988,B10
1222,Dubois,269125909,10,R,FONTAINE Centre Commercial,6710988,B10
197,Dupuis,269125911,10,R,FONTAINE Centre Commercial,6710988,B10
171,Fassoles,269125899,10,R,FONTAINE Centre Commercial,6710988,B10
106,Fauconnet,269125917,10,R,FONTAINE Centre Commercial,6710988,B10
173,Fontaine aux Fées,269125903,10,R,FONTAINE Centre Commercial,6710988,B10
784,Fontaine Centre Commercial,269125930,10,R,FONTAINE Centre Commercial,6710988,B10
418,Glaieuls,269125919,10,R,FONTAINE Centre Commercial,6710988,B10
754,Houblonnière,269125915,10,R,FONTAINE Centre Commercial,6710988,B10
66,Jouvet,269125895,10,R,FONTAINE Centre Commercial,6710988,B10
1236,Leclerc,269125902,10,R,FONTAINE Centre Commercial,6710988,B10
760,Le Suzon,269125924,10,R,FONTAINE Centre Commercial,6710988,B10
168,Logis de Bourgogne,269125896,10,R,FONTAINE Centre Commercial,6710988,B10
64,Mail,269125893,10,R,FONTAINE Centre Commercial,6710988,B10
755,Mazieres,269125916,10,R,FONTAINE Centre Commercial,6710988,B10
419,Morvan,269125920,10,R,FONTAINE Centre Commercial,6710988,B10
62,Neruda,269125891,10,R,FONTAINE Centre Commercial,6710988,B10
176,Perrieres,269125906,10,R,FONTAINE Centre Commercial,6710988,B10
2,Petite Fin,269125925,10,R,FONTAINE Centre Commercial,6710988,B10
65,Picasso,269125894,10,R,FONTAINE Centre Commercial,6710988,B10
169,Place des Arbalétriers,269125897,10,R,FONTAINE Centre Commercial,6710988,B10
1300,Portefeuilles,269125923,10,R,FONTAINE Centre Commercial,6710988,B10
1359,Pre Potets,269125929,10,R,FONTAINE Centre Commercial,6710988,B10
426,Ratel,269125926,10,R,FONTAINE Centre Commercial,6710988,B10
174,Réservoir,269125904,10,R,FONTAINE Centre Commercial,6710988,B10
63,Rétisseys,269125892,10,R,FONTAINE Centre Commercial,6710988,B10
178,SNCF Brifaut,269125908,10,R,FONTAINE Centre Commercial,6710988,B10
78,Square Darcy,269125910,10,R,FONTAINE Centre Commercial,6710988,B10
175,St Francois,269125905,10,R,FONTAINE Centre Commercial,6710988,B10
1204,TALANT Citadelle,269125889,10,R,FONTAINE Centre Commercial,6710988,B10
172,Talant Libération,269125901,10,R,FONTAINE Centre Commercial,6710988,B10
1299,Verdun,269125922,10,R,FONTAINE Centre Commercial,6710988,B10
1216,30 Octobre,269160976,11,A,Parc de la Colombière,6710988,B11
451,Attiret,269160988,11,A,Parc de la Colombière,6710988,B11
181,Bibliothèque,269160981,11,A,Parc de la Colombière,6710988,B11
1110,Billardon,269160969,11,A,Parc de la Colombière,6710988,B11
1218,Blanchisseries,269160986,11,A,Parc de la Colombière,6710988,B11
446,Bordot,269160984,11,A,Parc de la Colombière,6710988,B11
129,Bouteiller,269160970,11,A,Parc de la Colombière,6710988,B11
386,Castelnau,269160968,11,A,Parc de la Colombière,6710988,B11
452,Chopin,269160989,11,A,Parc de la Colombière,6710988,B11
391,Doumer,269160973,11,A,Parc de la Colombière,6710988,B11
1217,Dumont,269160983,11,A,Parc de la Colombière,6710988,B11
447,ESPE,269160985,11,A,Parc de la Colombière,6710988,B11
479,Gauthier,269160966,11,A,Parc de la Colombière,6710988,B11
478,Jacquat,269160965,11,A,Parc de la Colombière,6710988,B11
385,Longènes,269160967,11,A,Parc de la Colombière,6710988,B11
21,Lycee H.Fontaine,269160977,11,A,Parc de la Colombière,6710988,B11
377,Marie de Bourgogne,269160962,11,A,Parc de la Colombière,6710988,B11
450,Morel Retz,269160987,11,A,Parc de la Colombière,6710988,B11
378,Opaline,269160963,11,A,Parc de la Colombière,6710988,B11
379,Paquier dAupré,269160964,11,A,Parc de la Colombière,6710988,B11
406,Parc de la Colom,269160991,11,A,Parc de la Colombière,6710988,B11
829,Parc des Sports,269160972,11,A,Parc de la Colombière,6710988,B11
453,Ravel,269160990,11,A,Parc de la Colombière,6710988,B11
22,Saumaise,269160978,11,A,Parc de la Colombière,6710988,B11
393,SNCF Porte Neuve,269160975,11,A,Parc de la Colombière,6710988,B11
376,St-Apollinaire Val Sully,269160961,11,A,Parc de la Colombière,6710988,B11
23,St Michel,269160979,11,A,Parc de la Colombière,6710988,B11
392,Strasbourg,269160974,11,A,Parc de la Colombière,6710988,B11
180,THÉÂTRE,269160980,11,A,Parc de la Colombière,6710988,B11
159,Urgences C.H.U.,269160971,11,A,Parc de la Colombière,6710988,B11
182,Wilson Sisley,269160982,11,A,Parc de la Colombière,6710988,B11
1219,30 Octobre,269194000,11,R,SAINT-APOLLINAIRE Val Sully,6710988,B11
409,Attiret,269193988,11,R,SAINT-APOLLINAIRE Val Sully,6710988,B11
142,Bibliothèque,269193995,11,R,SAINT-APOLLINAIRE Val Sully,6710988,B11
541,Billardon,269194007,11,R,SAINT-APOLLINAIRE Val Sully,6710988,B11
411,Blanchisseries,269193990,11,R,SAINT-APOLLINAIRE Val Sully,6710988,B11
413,Bordot,269193992,11,R,SAINT-APOLLINAIRE Val Sully,6710988,B11
156,Bouteiller,269194006,11,R,SAINT-APOLLINAIRE Val Sully,6710988,B11
83,Buffon,269193997,11,R,SAINT-APOLLINAIRE Val Sully,6710988,B11
366,Castelnau,269194008,11,R,SAINT-APOLLINAIRE Val Sully,6710988,B11
408,Chopin,269193987,11,R,SAINT-APOLLINAIRE Val Sully,6710988,B11
361,Doumer,269194003,11,R,SAINT-APOLLINAIRE Val Sully,6710988,B11
414,Dumont,269193993,11,R,SAINT-APOLLINAIRE Val Sully,6710988,B11
412,ESPE,269193991,11,R,SAINT-APOLLINAIRE Val Sully,6710988,B11
483,Gauthier,269194010,11,R,SAINT-APOLLINAIRE Val Sully,6710988,B11
372,Jacquat,269194011,11,R,SAINT-APOLLINAIRE Val Sully,6710988,B11
367,Longènes,269194009,11,R,SAINT-APOLLINAIRE Val Sully,6710988,B11
84,Lycee H.Fontaine,269193998,11,R,SAINT-APOLLINAIRE Val Sully,6710988,B11
375,Marie de Bourgogne,269194014,11,R,SAINT-APOLLINAIRE Val Sully,6710988,B11
855,Morel Retz,269193989,11,R,SAINT-APOLLINAIRE Val Sully,6710988,B11
374,Opaline,269194013,11,R,SAINT-APOLLINAIRE Val Sully,6710988,B11
373,Paquier dAupré,269194012,11,R,SAINT-APOLLINAIRE Val Sully,6710988,B11
406,Parc de la Colom,269193985,11,R,SAINT-APOLLINAIRE Val Sully,6710988,B11
831,Parc des Sports,269194004,11,R,SAINT-APOLLINAIRE Val Sully,6710988,B11
407,Ravel,269193986,11,R,SAINT-APOLLINAIRE Val Sully,6710988,B11
359,SNCF Porte Neuve,269194001,11,R,SAINT-APOLLINAIRE Val Sully,6710988,B11
376,St-Apollinaire Val Sully,269194015,11,R,SAINT-APOLLINAIRE Val Sully,6710988,B11
360,Strasbourg,269194002,11,R,SAINT-APOLLINAIRE Val Sully,6710988,B11
82,THÉÂTRE,269193996,11,R,SAINT-APOLLINAIRE Val Sully,6710988,B11
832,Urgences C.H.U.,269194005,11,R,SAINT-APOLLINAIRE Val Sully,6710988,B11
1612,Voltaire,269193999,11,R,SAINT-APOLLINAIRE Val Sully,6710988,B11
141,Wilson Carnot,269193994,11,R,SAINT-APOLLINAIRE Val Sully,6710988,B11
177,Bagatelle,269227280,12,A,Chicago,6710988,B12
322,Baudin,269227289,12,A,Chicago,6710988,B12
1225,Champeaux,269227298,12,A,Chicago,6710988,B12
1001,Cherains,269227274,12,A,Chicago,6710988,B12
1221,Chicago,269227299,12,A,Chicago,6710988,B12
1005,CHS La Chartreuse,269227278,12,A,Chicago,6710988,B12
332,Cimetière,269227296,12,A,Chicago,6710988,B12
999,Combe aux Fées,269227272,12,A,Chicago,6710988,B12
994,Courtois,269227267,12,A,Chicago,6710988,B12
323,De Musset,269227290,12,A,Chicago,6710988,B12
1222,Dubois,269227282,12,A,Chicago,6710988,B12
123,Gare SNCF,269227284,12,A,Chicago,6710988,B12
325,Guibaudet,269227292,12,A,Chicago,6710988,B12
993,La Flamme,269227266,12,A,Chicago,6710988,B12
327,Le Jolivet,269227294,12,A,Chicago,6710988,B12
1004,Le Lac,269227277,12,A,Chicago,6710988,B12
995,Lycee Kir,269227268,12,A,Chicago,6710988,B12
237,Monge,269227285,12,A,Chicago,6710988,B12
1003,Parc à Bateaux,269227276,12,A,Chicago,6710988,B12
176,Perrieres,269227279,12,A,Chicago,6710988,B12
992,Plombières,269227265,12,A,Chicago,6710988,B12
997,Plombières Mairie,269227270,12,A,Chicago,6710988,B12
324,Prison,269227291,12,A,Chicago,6710988,B12
769,Salengro,269227293,12,A,Chicago,6710988,B12
1002,Seize Vannes,269227275,12,A,Chicago,6710988,B12
178,SNCF Brifaut,269227281,12,A,Chicago,6710988,B12
78,Square Darcy,269227283,12,A,Chicago,6710988,B12
328,Stade Poussots,269227295,12,A,Chicago,6710988,B12
1224,Suquet,269227286,12,A,Chicago,6710988,B12
745,Transvaal,269227287,12,A,Chicago,6710988,B12
998,Vallon,269227271,12,A,Chicago,6710988,B12
1000,Vaux Bruns,269227273,12,A,Chicago,6710988,B12
996,Victor Hugo,269227269,12,A,Chicago,6710988,B12
746,Wilson Dumont,269227288,12,A,Chicago,6710988,B12
329,Zipfel,269227297,12,A,Chicago,6710988,B12
146,Bagatelle,269260308,12,R,PLOMBIERES,6710988,B12
1226,Champeaux,269260290,12,R,PLOMBIERES,6710988,B12
1010,Cherains,269260314,12,R,PLOMBIERES,6710988,B12
1221,Chicago,269260289,12,R,PLOMBIERES,6710988,B12
1006,CHS La Chartreuse,269260310,12,R,PLOMBIERES,6710988,B12
290,Cimetière,269260292,12,R,PLOMBIERES,6710988,B12
1012,Combe aux Fées,269260316,12,R,PLOMBIERES,6710988,B12
1017,Courtois,269260321,12,R,PLOMBIERES,6710988,B12
296,De Musset,269260298,12,R,PLOMBIERES,6710988,B12
1227,Fevret,269260301,12,R,PLOMBIERES,6710988,B12
4,Gare SNCF,269260305,12,R,PLOMBIERES,6710988,B12
294,Guibaudet,269260296,12,R,PLOMBIERES,6710988,B12
1018,La Flamme,269260322,12,R,PLOMBIERES,6710988,B12
292,Le Jolivet,269260294,12,R,PLOMBIERES,6710988,B12
1007,Le Lac,269260311,12,R,PLOMBIERES,6710988,B12
1016,Lycee Kir,269260320,12,R,PLOMBIERES,6710988,B12
270,Monge,269260304,12,R,PLOMBIERES,6710988,B12
1008,Parc à Bateaux,269260312,12,R,PLOMBIERES,6710988,B12
1231,Perrieres,269260309,12,R,PLOMBIERES,6710988,B12
992,Plombières,269260323,12,R,PLOMBIERES,6710988,B12
1014,Plombières Mairie,269260318,12,R,PLOMBIERES,6710988,B12
295,Prison,269260297,12,R,PLOMBIERES,6710988,B12
770,Salengro,269260295,12,R,PLOMBIERES,6710988,B12
1009,Seize Vannes,269260313,12,R,PLOMBIERES,6710988,B12
145,SNCF Brifaut,269260307,12,R,PLOMBIERES,6710988,B12
776,Square Darcy,269260306,12,R,PLOMBIERES,6710988,B12
291,Stade Poussots,269260293,12,R,PLOMBIERES,6710988,B12
1228,Suquet,269260303,12,R,PLOMBIERES,6710988,B12
748,Transvaal,269260302,12,R,PLOMBIERES,6710988,B12
1013,Vallon,269260317,12,R,PLOMBIERES,6710988,B12
1011,Vaux Bruns,269260315,12,R,PLOMBIERES,6710988,B12
1015,Victor Hugo,269260319,12,R,PLOMBIERES,6710988,B12
141,Wilson Carnot,269260299,12,R,PLOMBIERES,6710988,B12
747,Wilson Sisley,269260300,12,R,PLOMBIERES,6710988,B12
289,Zipfel,269260291,12,R,PLOMBIERES,6710988,B12
397,Albert 1er,269290259|269289476,13,A,Motte Giron,6710988,B13
1238,Bel Air,269290265|269289482,13,A,Motte Giron,6710988,B13
604,Bourroches Eiffel,269290262|269289479,13,A,Motte Giron,6710988,B13
640,CFA - BTP,269290269|269289486,13,A,Motte Giron,6710988,B13
398,CHS La Chartreuse,269290260|269289477,13,A,Motte Giron,6710988,B13
73,Clomiers,269290250,13,A,Motte Giron,6710988,B13
637,Clos Chauveau,269290266|269289483,13,A,Motte Giron,6710988,B13
791,Combottes,269290246,13,A,Motte Giron,6710988,B13
311,Cottin,269290242,13,A,Motte Giron,6710988,B13
1222,Dubois,269290255,13,A,Motte Giron,6710988,B13
308,FONTAINE Village,269290241,13,A,Motte Giron,6710988,B13
123,Gare SNCF,269290257|269289474,13,A,Motte Giron,6710988,B13
76,Génois,269290253,13,A,Motte Giron,6710988,B13
1237,Gorgets,269290261|269289478,13,A,Motte Giron,6710988,B13
313,Les Créots,269290244,13,A,Motte Giron,6710988,B13
1235,Loti,269290249,13,A,Motte Giron,6710988,B13
638,Lycée Marcs dOr,269290267|269289484,13,A,Motte Giron,6710988,B13
1234,Lycée Montchapet,269290248,13,A,Motte Giron,6710988,B13
312,Mare,269290243,13,A,Motte Giron,6710988,B13
1232,Motte Giron,269290271|269289488,13,A,Motte Giron,6710988,B13
639,Paupion,269290268|269289485,13,A,Motte Giron,6710988,B13
1233,Peguy,269290247,13,A,Motte Giron,6710988,B13
605,Rossignol Eiffel,269290263|269289480,13,A,Motte Giron,6710988,B13
663,Roussottes,269290264|269289481,13,A,Motte Giron,6710988,B13
1239,Saulx Tavannes,269290270|269289487,13,A,Motte Giron,6710988,B13
396,SNCF Vincenot,269290258|269289475,13,A,Motte Giron,6710988,B13
77,Spuller,269290254,13,A,Motte Giron,6710988,B13
78,Square Darcy,269290256|269289473,13,A,Motte Giron,6710988,B13
314,St Luc,269290245,13,A,Motte Giron,6710988,B13
74,St Mesmin,269290251,13,A,Motte Giron,6710988,B13
75,Ziem,269290252,13,A,Motte Giron,6710988,B13
353,Albert 1er,269323277|269322509,13,R,FONTAINE Village,6710988,B13
1244,Arandes,269323288,13,R,FONTAINE Village,6710988,B13
1240,Bel Air,269323271|269322503,13,R,FONTAINE Village,6710988,B13
1241,Bourroches Eiffel,269323274|269322506,13,R,FONTAINE Village,6710988,B13
644,CFA - BTP,269323267|269322499,13,R,FONTAINE Village,6710988,B13
352,CHS La Chartreuse,269323276|269322508,13,R,FONTAINE Village,6710988,B13
32,Clomiers,269323287,13,R,FONTAINE Village,6710988,B13
647,Clos Chauveau,269323270|269322502,13,R,FONTAINE Village,6710988,B13
795,Combottes,269323290,13,R,FONTAINE Village,6710988,B13
305,Confrérie,269323292,13,R,FONTAINE Village,6710988,B13
307,Cottin,269323294,13,R,FONTAINE Village,6710988,B13
1596,Dubois,269323282,13,R,FONTAINE Village,6710988,B13
308,FONTAINE Village,269323295,13,R,FONTAINE Village,6710988,B13
4,Gare SNCF,269323280|269322512,13,R,FONTAINE Village,6710988,B13
29,Génois,269323284,13,R,FONTAINE Village,6710988,B13
1242,Gorgets,269323275|269322507,13,R,FONTAINE Village,6710988,B13
646,Lycée Marcs dOr,269323269|269322501,13,R,FONTAINE Village,6710988,B13
306,Mare,269323293,13,R,FONTAINE Village,6710988,B13
1232,Motte Giron,269323265|269322497,13,R,FONTAINE Village,6710988,B13
354,Nodot,269323278|269322510,13,R,FONTAINE Village,6710988,B13
645,Paupion,269323268|269322500,13,R,FONTAINE Village,6710988,B13
1245,Peguy,269323289,13,R,FONTAINE Village,6710988,B13
628,Rossignol Eiffel,269323273|269322505,13,R,FONTAINE Village,6710988,B13
664,Roussottes,269323272|269322504,13,R,FONTAINE Village,6710988,B13
643,Saulx Tavannes,269323266|269322498,13,R,FONTAINE Village,6710988,B13
355,SNCF Vincenot,269323279|269322511,13,R,FONTAINE Village,6710988,B13
28,Spuller,269323283,13,R,FONTAINE Village,6710988,B13
776,Square Darcy,269323281|269322513,13,R,FONTAINE Village,6710988,B13
304,St Luc,269323291,13,R,FONTAINE Village,6710988,B13
31,St Mesmin,269323286,13,R,FONTAINE Village,6710988,B13
30,Ziem,269323285,13,R,FONTAINE Village,6710988,B13
623,Bordet,269358852,14,A,MARSANNAY Charon,6710988,B14
497,Bourroches,269358864,14,A,MARSANNAY Charon,6710988,B14
626,Calmette,269358855,14,A,MARSANNAY Charon,6710988,B14
498,Carraz,269358865,14,A,MARSANNAY Charon,6710988,B14
927,Champforey,269358873,14,A,MARSANNAY Charon,6710988,B14
717,Charet,269358860,14,A,MARSANNAY Charon,6710988,B14
1281,Claudel,269358853,14,A,MARSANNAY Charon,6710988,B14
925,Collège Aymé,269358871,14,A,MARSANNAY Charon,6710988,B14
1251,Colombier,269358876,14,A,MARSANNAY Charon,6710988,B14
625,Dadolle,269358854,14,A,MARSANNAY Charon,6710988,B14
982,Drouot,269358859,14,A,MARSANNAY Charon,6710988,B14
622,Favier,269358851,14,A,MARSANNAY Charon,6710988,B14
922,Ferry,269358866,14,A,MARSANNAY Charon,6710988,B14
718,Fyot,269358861,14,A,MARSANNAY Charon,6710988,B14
253,Langevin,269358869,14,A,MARSANNAY Charon,6710988,B14
923,Limburgerhof,269358867,14,A,MARSANNAY Charon,6710988,B14
955,Marsannay,269358870,14,A,MARSANNAY Charon,6710988,B14
1246,MARSANNAY Charon,269358877,14,A,MARSANNAY Charon,6710988,B14
1250,Mechalot,269358875,14,A,MARSANNAY Charon,6710988,B14
627,Patte dOie,269358856,14,A,MARSANNAY Charon,6710988,B14
719,Pommard,269358862,14,A,MARSANNAY Charon,6710988,B14
926,Rameau,269358872,14,A,MARSANNAY Charon,6710988,B14
981,Rossignol Eiffel,269358858,14,A,MARSANNAY Charon,6710988,B14
664,Roussottes,269358857,14,A,MARSANNAY Charon,6710988,B14
1165,Route de Beaune,269358868,14,A,MARSANNAY Charon,6710988,B14
1276,Sainte-Anne,269358849,14,A,MARSANNAY Charon,6710988,B14
621,Sembel,269358850,14,A,MARSANNAY Charon,6710988,B14
1267,St-Jacques,269358863,14,A,MARSANNAY Charon,6710988,B14
1249,St-Vincent,269358874,14,A,MARSANNAY Charon,6710988,B14
1263,Bourroches,269391886,14,R,Sainte-Anne,6710988,B14
607,Calmette,269391895,14,R,Sainte-Anne,6710988,B14
523,Carraz,269391885,14,R,Sainte-Anne,6710988,B14
937,Champforey,269391877,14,R,Sainte-Anne,6710988,B14
704,Charet,269391890,14,R,Sainte-Anne,6710988,B14
1278,Claudel,269391897,14,R,Sainte-Anne,6710988,B14
939,Collège Aymé,269391879,14,R,Sainte-Anne,6710988,B14
1252,Colombier,269391874,14,R,Sainte-Anne,6710988,B14
608,Dadolle,269391896,14,R,Sainte-Anne,6710988,B14
1279,Divio,269391898,14,R,Sainte-Anne,6710988,B14
972,Drouot,269391891,14,R,Sainte-Anne,6710988,B14
942,Ferry,269391884,14,R,Sainte-Anne,6710988,B14
703,Fyot,269391889,14,R,Sainte-Anne,6710988,B14
618,Hortensias,269391899,14,R,Sainte-Anne,6710988,B14
619,IME Montagne Ste-Anne,269391900,14,R,Sainte-Anne,6710988,B14
953,Langevin,269391881,14,R,Sainte-Anne,6710988,B14
941,Limburgerhof,269391883,14,R,Sainte-Anne,6710988,B14
952,Marsannay,269391880,14,R,Sainte-Anne,6710988,B14
1246,MARSANNAY Charon,269391873,14,R,Sainte-Anne,6710988,B14
1253,Mechalot,269391875,14,R,Sainte-Anne,6710988,B14
606,Patte dOie,269391894,14,R,Sainte-Anne,6710988,B14
702,Pommard,269391888,14,R,Sainte-Anne,6710988,B14
938,Rameau,269391878,14,R,Sainte-Anne,6710988,B14
973,Rossignol Eiffel,269391892,14,R,Sainte-Anne,6710988,B14
663,Roussottes,269391893,14,R,Sainte-Anne,6710988,B14
1166,Route de Beaune,269391882,14,R,Sainte-Anne,6710988,B14
1276,Sainte-Anne,269391901,14,R,Sainte-Anne,6710988,B14
1264,St-Jacques,269391887,14,R,Sainte-Anne,6710988,B14
1254,St-Vincent,269391876,14,R,Sainte-Anne,6710988,B14
1025,Bolotte,269420551,15,A,Montagne de Larrey,6710988,B15
1263,Bourroches,269420560,15,A,Montagne de Larrey,6710988,B15
604,Bourroches Eiffel,269420565,15,A,Montagne de Larrey,6710988,B15
1027,Cap Sud,269420553,15,A,Montagne de Larrey,6710988,B15
523,Carraz,269420559,15,A,Montagne de Larrey,6710988,B15
1026,CAT - ESAT,269420552,15,A,Montagne de Larrey,6710988,B15
657,Delestraint,269420571,15,A,Montagne de Larrey,6710988,B15
656,Echaillons,269420570,15,A,Montagne de Larrey,6710988,B15
942,Ferry,269420558,15,A,Montagne de Larrey,6710988,B15
807,Fyot,269420563,15,A,Montagne de Larrey,6710988,B15
953,Langevin,269420555,15,A,Montagne de Larrey,6710988,B15
1023,Lapostolet,269420549,15,A,Montagne de Larrey,6710988,B15
941,Limburgerhof,269420557,15,A,Montagne de Larrey,6710988,B15
952,Marsannay,269420554,15,A,Montagne de Larrey,6710988,B15
658,Montagne de Larrey,269420572,15,A,Montagne de Larrey,6710988,B15
655,Noblemaire,269420569,15,A,Montagne de Larrey,6710988,B15
654,Patte dOie,269420568,15,A,Montagne de Larrey,6710988,B15
1019,Perrigny,269420545,15,A,Montagne de Larrey,6710988,B15
1020,Perrigny Mairie,269420546,15,A,Montagne de Larrey,6710988,B15
702,Pommard,269420562,15,A,Montagne de Larrey,6710988,B15
605,Rossignol Eiffel,269420566,15,A,Montagne de Larrey,6710988,B15
663,Roussottes,269420567,15,A,Montagne de Larrey,6710988,B15
1166,Route de Beaune,269420556,15,A,Montagne de Larrey,6710988,B15
1264,St-Jacques,269420561,15,A,Montagne de Larrey,6710988,B15
1022,Terreau du Moulin,269420548,15,A,Montagne de Larrey,6710988,B15
1021,Tourelle,269420547,15,A,Montagne de Larrey,6710988,B15
1024,Vignery,269420550,15,A,Montagne de Larrey,6710988,B15
1265,Volnay,269420564,15,A,Montagne de Larrey,6710988,B15
1025,Bolotte,269453589,15,R,PERRIGNY,6710988,B15
497,Bourroches,269453580,15,R,PERRIGNY,6710988,B15
629,Bourroches Eiffel,269453575,15,R,PERRIGNY,6710988,B15
1028,Cap Sud,269453587,15,R,PERRIGNY,6710988,B15
498,Carraz,269453581,15,R,PERRIGNY,6710988,B15
1029,CAT - ESAT,269453588,15,R,PERRIGNY,6710988,B15
659,Cent Ecus,269453570,15,R,PERRIGNY,6710988,B15
922,Ferry,269453582,15,R,PERRIGNY,6710988,B15
806,Fyot,269453577,15,R,PERRIGNY,6710988,B15
253,Langevin,269453585,15,R,PERRIGNY,6710988,B15
1031,Lapostolet,269453591,15,R,PERRIGNY,6710988,B15
923,Limburgerhof,269453583,15,R,PERRIGNY,6710988,B15
952,Marsannay,269453586,15,R,PERRIGNY,6710988,B15
658,Montagne de Larrey,269453569,15,R,PERRIGNY,6710988,B15
660,Noblemaire,269453571,15,R,PERRIGNY,6710988,B15
661,Patte dOie,269453572,15,R,PERRIGNY,6710988,B15
1019,Perrigny,269453595,15,R,PERRIGNY,6710988,B15
1034,Perrigny Mairie,269453594,15,R,PERRIGNY,6710988,B15
719,Pommard,269453578,15,R,PERRIGNY,6710988,B15
628,Rossignol Eiffel,269453574,15,R,PERRIGNY,6710988,B15
664,Roussottes,269453573,15,R,PERRIGNY,6710988,B15
1165,Route de Beaune,269453584,15,R,PERRIGNY,6710988,B15
1267,St-Jacques,269453579,15,R,PERRIGNY,6710988,B15
1032,Terreau du Moulin,269453592,15,R,PERRIGNY,6710988,B15
1033,Tourelle,269453593,15,R,PERRIGNY,6710988,B15
1030,Vignery,269453590,15,R,PERRIGNY,6710988,B15
1266,Volnay,269453576,15,R,PERRIGNY,6710988,B15
838,Bassin,269486095,16,A,QUETIGNY allées Cavalières,6710988,B16
1641,Champs aux Métiers,269486094,16,A,QUETIGNY allées Cavalières,6710988,B16
1064,Château,269486088,16,A,QUETIGNY allées Cavalières,6710988,B16
1063,Collège Rostand,269486087,16,A,QUETIGNY allées Cavalières,6710988,B16
811,Corneille,269486106,16,A,QUETIGNY allées Cavalières,6710988,B16
1129,Crimolois,269486108,16,A,QUETIGNY allées Cavalières,6710988,B16
1061,Croix St-Martin,269486083,16,A,QUETIGNY allées Cavalières,6710988,B16
117,Cromois,269486085,16,A,QUETIGNY allées Cavalières,6710988,B16
852,Dorain,269486097,16,A,QUETIGNY allées Cavalières,6710988,B16
1060,Gendarmerie,269486082,16,A,QUETIGNY allées Cavalières,6710988,B16
842,Grande Légie,269486099,16,A,QUETIGNY allées Cavalières,6710988,B16
1637,Grand Marché,269486089,16,A,QUETIGNY allées Cavalières,6710988,B16
1640,Gütenberg,269486093,16,A,QUETIGNY allées Cavalières,6710988,B16
10001,La Gentiane,269486107,16,A,QUETIGNY allées Cavalières,6710988,B16
1639,La Mirandiere,269486092,16,A,QUETIGNY allées Cavalières,6710988,B16
843,Le Fort,269486100,16,A,QUETIGNY allées Cavalières,6710988,B16
844,Mimosas,269486101,16,A,QUETIGNY allées Cavalières,6710988,B16
846,Montots,269486103,16,A,QUETIGNY allées Cavalières,6710988,B16
1642,Neuilly,269486104,16,A,QUETIGNY allées Cavalières,6710988,B16
853,Normand,269486098,16,A,QUETIGNY allées Cavalières,6710988,B16
845,Pré aux Moines,269486102,16,A,QUETIGNY allées Cavalières,6710988,B16
98,Quetignerot,269486091,16,A,QUETIGNY allées Cavalières,6710988,B16
1059,Quetigny Allées Cavalières,269486081,16,A,QUETIGNY allées Cavalières,6710988,B16
1638,Quetigny C.Cial,269486090,16,A,QUETIGNY allées Cavalières,6710988,B16
1062,Quétigny Mairie,269486084,16,A,QUETIGNY allées Cavalières,6710988,B16
810,Racine,269486105,16,A,QUETIGNY allées Cavalières,6710988,B16
118,Ronde,269486086,16,A,QUETIGNY allées Cavalières,6710988,B16
851,Sennecey Mairie,269486096,16,A,QUETIGNY allées Cavalières,6710988,B16
821,Bassin,269518608,16,R,CRIMOLOIS,6710988,B16
1647,Champs aux Métiers,269518609,16,R,CRIMOLOIS,6710988,B16
1066,Château,269518615,16,R,CRIMOLOIS,6710988,B16
1067,Collège Rostand,269518616,16,R,CRIMOLOIS,6710988,B16
1378,Corneille,269518596,16,R,CRIMOLOIS,6710988,B16
1129,Crimolois,269518593,16,R,CRIMOLOIS,6710988,B16
1069,Croix St-Martin,269518620,16,R,CRIMOLOIS,6710988,B16
1187,Cromois,269518618,16,R,CRIMOLOIS,6710988,B16
848,Dorain,269518606,16,R,CRIMOLOIS,6710988,B16
1070,Gendarmerie,269518621,16,R,CRIMOLOIS,6710988,B16
817,Grande Légie,269518604,16,R,CRIMOLOIS,6710988,B16
1651,Grand Marché,269518614,16,R,CRIMOLOIS,6710988,B16
1648,Gütenberg,269518610,16,R,CRIMOLOIS,6710988,B16
10000,La Gentiane,269518595,16,R,CRIMOLOIS,6710988,B16
1649,La Mirandiere,269518611,16,R,CRIMOLOIS,6710988,B16
816,Le Fort,269518603,16,R,CRIMOLOIS,6710988,B16
1646,Marronniers,269518600,16,R,CRIMOLOIS,6710988,B16
815,Mimosas,269518602,16,R,CRIMOLOIS,6710988,B16
1380,Montots,269518599,16,R,CRIMOLOIS,6710988,B16
1645,Neuilly,269518598,16,R,CRIMOLOIS,6710988,B16
847,Normand,269518605,16,R,CRIMOLOIS,6710988,B16
814,Pré aux Moines,269518601,16,R,CRIMOLOIS,6710988,B16
61,Quetignerot,269518612,16,R,CRIMOLOIS,6710988,B16
1059,Quetigny Allées Cavalières,269518622,16,R,CRIMOLOIS,6710988,B16
1650,Quetigny C.Cial,269518613,16,R,CRIMOLOIS,6710988,B16
1068,Quétigny Mairie,269518619,16,R,CRIMOLOIS,6710988,B16
1379,Racine,269518597,16,R,CRIMOLOIS,6710988,B16
1188,Ronde,269518617,16,R,CRIMOLOIS,6710988,B16
849,Sennecey Mairie,269518607,16,R,CRIMOLOIS,6710988,B16
1130,St-Antoine,269518594,16,R,CRIMOLOIS,6710988,B16
728,Ahuy,269551617,17,A,Collège Clos de Pouilly,6710988,B17
1652,Collège Pouilly,269551628,17,A,Collège Clos de Pouilly,6710988,B17
732,Coteaux du Suzon,269551621,17,A,Collège Clos de Pouilly,6710988,B17
917,De Maupassant,269551624,17,A,Collège Clos de Pouilly,6710988,B17
970,Junot,269551626,17,A,Collège Clos de Pouilly,6710988,B17
729,Les Plantes,269551618,17,A,Collège Clos de Pouilly,6710988,B17
733,Lycée de Gaulle,269551622,17,A,Collège Clos de Pouilly,6710988,B17
918,Poncelet,269551625,17,A,Collège Clos de Pouilly,6710988,B17
730,Presles,269551619,17,A,Collège Clos de Pouilly,6710988,B17
723,Theuriet,269551627,17,A,Collège Clos de Pouilly,6710988,B17
731,Touzet du Vigier,269551620,17,A,Collège Clos de Pouilly,6710988,B17
916,Verniquet,269551623,17,A,Collège Clos de Pouilly,6710988,B17
728,Ahuy,269584653,17,R,AHUY,6710988,B17
766,Ahuy,269584651,17,R,AHUY,6710988,B17
1653,Balzac,269584642,17,R,AHUY,6710988,B17
1652,Collège Pouilly,269584641,17,R,AHUY,6710988,B17
762,Coteaux du Suzon,269584647,17,R,AHUY,6710988,B17
767,Grands Clos,269584652,17,R,AHUY,6710988,B17
985,Junot,269584643,17,R,AHUY,6710988,B17
765,Les Plantes,269584650,17,R,AHUY,6710988,B17
761,Lycée de Gaulle,269584646,17,R,AHUY,6710988,B17
947,Maupassant,269584645,17,R,AHUY,6710988,B17
946,Poncelet,269584644,17,R,AHUY,6710988,B17
764,Presles,269584649,17,R,AHUY,6710988,B17
763,Touzet du Vigier,269584648,17,R,AHUY,6710988,B17
901,Alger,269627144|269626888|269616390,18,A,LONGVIC Carmélites,6710988,B18
1293,Ateliers APF,269626899,18,A,LONGVIC Carmélites,6710988,B18
1295,Ateliers APF,269626901,18,A,LONGVIC Carmélites,6710988,B18
1290,Beauregard,269627157|269626904,18,A,LONGVIC Carmélites,6710988,B18
455,Bertin,269627150|269626894|269616396,18,A,LONGVIC Carmélites,6710988,B18
126,Bief du Moulin,269627159|269626906,18,A,LONGVIC Carmélites,6710988,B18
194,Blés dOr,269627162|269626909,18,A,LONGVIC Carmélites,6710988,B18
456,CFA La Noue,269627151|269626895|269616397,18,A,LONGVIC Carmélites,6710988,B18
902,Collège du Parc,269627145|269626889|269616391,18,A,LONGVIC Carmélites,6710988,B18
1222,Dubois,269627138|269626882,18,A,LONGVIC Carmélites,6710988,B18
1291,Duhamel,269627158|269626905,18,A,LONGVIC Carmélites,6710988,B18
161,Eiffel,269627156|269626903,18,A,LONGVIC Carmélites,6710988,B18
123,Gare SNCF,269627140|269626884|269616386,18,A,LONGVIC Carmélites,6710988,B18
1431,Guesde,269627163|269626910,18,A,LONGVIC Carmélites,6710988,B18
454,La Colombière,269627149|269626893|269616395,18,A,LONGVIC Carmélites,6710988,B18
207,Lavoisier,269627154|269626898,18,A,LONGVIC Carmélites,6710988,B18
1038,Longvic Carmélites,269627164|269626911,18,A,LONGVIC Carmélites,6710988,B18
127,Longvic Mairie,269627160|269626907,18,A,LONGVIC Carmélites,6710988,B18
237,Monge,269627141|269626885|269616387,18,A,LONGVIC Carmélites,6710988,B18
1294,Néel,269626900,18,A,LONGVIC Carmélites,6710988,B18
725,Petit Bernard,269627146|269626890|269616392,18,A,LONGVIC Carmélites,6710988,B18
749,Petit Citeaux,269627143|269626887|269616389,18,A,LONGVIC Carmélites,6710988,B18
200,Pierrat,269627155|269626902,18,A,LONGVIC Carmélites,6710988,B18
1043,Prevots,269627161|269626908,18,A,LONGVIC Carmélites,6710988,B18
457,Romelet,269627152|269626896,18,A,LONGVIC Carmélites,6710988,B18
458,Rue du Port,269627153|269626897,18,A,LONGVIC Carmélites,6710988,B18
78,Square Darcy,269627139|269626883|269616385,18,A,LONGVIC Carmélites,6710988,B18
206,Square Darcy,269627137|269626881,18,A,LONGVIC Carmélites,6710988,B18
681,Stearinerie,269627147|269626891|269616393,18,A,LONGVIC Carmélites,6710988,B18
1224,Suquet,269627142|269626886|269616388,18,A,LONGVIC Carmélites,6710988,B18
1289,Verriers,269627148|269626892|269616394,18,A,LONGVIC Carmélites,6710988,B18
873,Alger,269660184|269659413|269649416,18,R,Darcy,6710988,B18
1293,Ateliers APF,269660171,18,R,Darcy,6710988,B18
1295,Ateliers APF,269660173,18,R,Darcy,6710988,B18
1297,Beauregard,269660168|269659400,18,R,Darcy,6710988,B18
432,Bertin,269660178|269659407|269649410,18,R,Darcy,6710988,B18
196,Bief du Moulin,269660166|269659398,18,R,Darcy,6710988,B18
128,Blés dOr,269660163|269659395,18,R,Darcy,6710988,B18
431,CFA La Noue,269660177|269659406|269649409,18,R,Darcy,6710988,B18
872,Collège du Parc,269660183|269659412|269649415,18,R,Darcy,6710988,B18
1405,Duhamel,269660167|269659399,18,R,Darcy,6710988,B18
199,Eiffel,269660169|269659401,18,R,Darcy,6710988,B18
4,Gare SNCF,269660188|269659417|269649420,18,R,Darcy,6710988,B18
1432,Guesde,269660162|269659394,18,R,Darcy,6710988,B18
433,La Colombière,269660179|269659408|269649411,18,R,Darcy,6710988,B18
160,Lavoisier,269660174|269659403,18,R,Darcy,6710988,B18
1038,Longvic Carmélites,269660161|269659393,18,R,Darcy,6710988,B18
195,Longvic Mairie,269660165|269659397,18,R,Darcy,6710988,B18
270,Monge,269660187|269659416|269649419,18,R,Darcy,6710988,B18
1294,Néel,269660172,18,R,Darcy,6710988,B18
721,Petit Bernard,269660182|269659411|269649414,18,R,Darcy,6710988,B18
744,Petit Citeaux,269660185|269659414|269649417,18,R,Darcy,6710988,B18
158,Pierrat,269660170|269659402,18,R,Darcy,6710988,B18
1042,Prevots,269660164|269659396,18,R,Darcy,6710988,B18
430,Romelet,269660176|269659405,18,R,Darcy,6710988,B18
429,Rue du Port,269660175|269659404,18,R,Darcy,6710988,B18
206,Square Darcy,269660189|269659418|269649421,18,R,Darcy,6710988,B18
684,Stearinerie,269660181|269659410|269649413,18,R,Darcy,6710988,B18
1228,Suquet,269660186|269659415|269649418,18,R,Darcy,6710988,B18
1298,Verriers,269660180|269659409|269649412,18,R,Darcy,6710988,B18
477,Abbé Pierre,269685521,19,A,St-Apollinaire Pré Thomas,6710988,B19
541,Billardon,269685507,19,A,St-Apollinaire Pré Thomas,6710988,B19
475,Bons Compagnons,269685519,19,A,St-Apollinaire Pré Thomas,6710988,B19
366,Castelnau,269685508,19,A,St-Apollinaire Pré Thomas,6710988,B19
476,Champ Prieur,269685520,19,A,St-Apollinaire Pré Thomas,6710988,B19
1661,La Planchotte,269685514,19,A,St-Apollinaire Pré Thomas,6710988,B19
472,La Vigne,269685511,19,A,St-Apollinaire Pré Thomas,6710988,B19
1174,Léchenet,269685510,19,A,St-Apollinaire Pré Thomas,6710988,B19
474,Les Buttes,269685513,19,A,St-Apollinaire Pré Thomas,6710988,B19
473,Les Jardins,269685512,19,A,St-Apollinaire Pré Thomas,6710988,B19
367,Longènes,269685509,19,A,St-Apollinaire Pré Thomas,6710988,B19
1664,Marie de Bourgogne,269685517,19,A,St-Apollinaire Pré Thomas,6710988,B19
1662,Moirey,269685515,19,A,St-Apollinaire Pré Thomas,6710988,B19
1618,Montmuzard,269685506,19,A,St-Apollinaire Pré Thomas,6710988,B19
378,Opaline,269685518,19,A,St-Apollinaire Pré Thomas,6710988,B19
829,Parc des Sports,269685505,19,A,St-Apollinaire Pré Thomas,6710988,B19
1663,Saint Apollinair,269685516,19,A,St-Apollinaire Pré Thomas,6710988,B19
1654,St-Apollinaire P,269685523,19,A,St-Apollinaire Pré Thomas,6710988,B19
1665,Tirbaude,269685522,19,A,St-Apollinaire Pré Thomas,6710988,B19
1656,Abbé Pierre,269717763,19,R,Parc des Sports,6710988,B19
10002,Billardon,269717776,19,R,Parc des Sports,6710988,B19
1073,Bons Compagnons,269717765,19,R,Parc des Sports,6710988,B19
386,Castelnau,269717775,19,R,Parc des Sports,6710988,B19
370,La Planchotte,269717770,19,R,Parc des Sports,6710988,B19
384,La Vigne,269717773,19,R,Parc des Sports,6710988,B19
480,Les Buttes,269717771,19,R,Parc des Sports,6710988,B19
481,Les Jardins,269717772,19,R,Parc des Sports,6710988,B19
385,Longènes,269717774,19,R,Parc des Sports,6710988,B19
375,Marie de Bourgogne,269717767,19,R,Parc des Sports,6710988,B19
1660,Maternité,269717778,19,R,Parc des Sports,6710988,B19
1659,Moirey,269717769,19,R,Parc des Sports,6710988,B19
374,Opaline,269717766,19,R,Parc des Sports,6710988,B19
829,Parc des Sports,269717780,19,R,Parc des Sports,6710988,B19
1658,Saint Apollinair,269717768,19,R,Parc des Sports,6710988,B19
1211,Schmitt,269717777,19,R,Parc des Sports,6710988,B19
1654,St-Apollinaire P,269717761,19,R,Parc des Sports,6710988,B19
1655,Tirbaude,269717762,19,R,Parc des Sports,6710988,B19
828,Urgences C.H.U.,269717779,19,R,Parc des Sports,6710988,B19
1309,Alisiers,269746956,20,A,Dubois,6710988,B20
72,Arandes,269746962,20,A,Dubois,6710988,B20
787,Bernard,269746954,20,A,Dubois,6710988,B20
319,Bizet,269746965,20,A,Dubois,6710988,B20
1634,Canzio,269746958,20,A,Dubois,6710988,B20
1392,Chambertin,269746946,20,A,Dubois,6710988,B20
1308,Champs Viaux,269746953,20,A,Dubois,6710988,B20
1306,Changey,269746951,20,A,Dubois,6710988,B20
71,Chaumières,269746961,20,A,Dubois,6710988,B20
1222,Dubois,269746968,20,A,Dubois,6710988,B20
1117,Hauteville,269746945,20,A,Dubois,6710988,B20
1395,Hauteville Mairie,269746950,20,A,Dubois,6710988,B20
70,Herriot,269746960,20,A,Dubois,6710988,B20
69,La Fillotte,269746959,20,A,Dubois,6710988,B20
1394,La Paisse,269746949,20,A,Dubois,6710988,B20
1123,Les Collines,269746948,20,A,Dubois,6710988,B20
967,Loti,269746963,20,A,Dubois,6710988,B20
1135,Maladiere,269746957,20,A,Dubois,6710988,B20
1307,Meix Pillon,269746952,20,A,Dubois,6710988,B20
1393,Place du Puits,269746947,20,A,Dubois,6710988,B20
1388,Pompon,269746964,20,A,Dubois,6710988,B20
1406,Rouen,269746966,20,A,Dubois,6710988,B20
788,Rue de Dijon,269746955,20,A,Dubois,6710988,B20
77,Spuller,269746967,20,A,Dubois,6710988,B20
78,Square Darcy,269746969,20,A,Dubois,6710988,B20
206,Square Darcy,269746970,20,A,Dubois,6710988,B20
1311,Alisiers,269780238,20,R,HAUTEVILLE,6710988,B20
33,Arandes,269780232,20,R,HAUTEVILLE,6710988,B20
800,Bernard,269780240,20,R,HAUTEVILLE,6710988,B20
299,Bizet,269780229,20,R,HAUTEVILLE,6710988,B20
1170,Canzio,269780236,20,R,HAUTEVILLE,6710988,B20
1397,Chambertin,269780247,20,R,HAUTEVILLE,6710988,B20
1313,Changey,269780242,20,R,HAUTEVILLE,6710988,B20
34,Chaumières,269780233,20,R,HAUTEVILLE,6710988,B20
1312,Daix Mairie,269780241,20,R,HAUTEVILLE,6710988,B20
1596,Dubois,269780226,20,R,HAUTEVILLE,6710988,B20
1117,Hauteville,269780248,20,R,HAUTEVILLE,6710988,B20
1121,Hauteville Mairie,269780243,20,R,HAUTEVILLE,6710988,B20
35,Herriot,269780234,20,R,HAUTEVILLE,6710988,B20
36,La Fillotte,269780235,20,R,HAUTEVILLE,6710988,B20
1396,La Paisse,269780244,20,R,HAUTEVILLE,6710988,B20
1118,Les Collines,269780245,20,R,HAUTEVILLE,6710988,B20
989,Loti,269780231,20,R,HAUTEVILLE,6710988,B20
1310,Maladiere,269780237,20,R,HAUTEVILLE,6710988,B20
1119,Place du Puits,269780246,20,R,HAUTEVILLE,6710988,B20
1389,Pompon,269780230,20,R,HAUTEVILLE,6710988,B20
808,Rouen,269780228,20,R,HAUTEVILLE,6710988,B20
799,Rue de Dijon,269780239,20,R,HAUTEVILLE,6710988,B20
28,Spuller,269780227,20,R,HAUTEVILLE,6710988,B20
206,Square Darcy,269780225,20,R,HAUTEVILLE,6710988,B20
1046,Bretenière,269814540,21,A,BRETENIERE,6710988,B21
469,De Gaulle,269814535,21,A,BRETENIERE,6710988,B21
1039,Ecluse,269814531,21,A,BRETENIERE,6710988,B21
1050,la Garande,269814539,21,A,BRETENIERE,6710988,B21
10003,LONGVIC Centre,269814529,21,A,BRETENIERE,6710988,B21
195,Longvic Mairie,269814530,21,A,BRETENIERE,6710988,B21
1315,Longvic Zone Industrielle,269814532,21,A,BRETENIERE,6710988,B21
468,Ouges Mairie,269814534,21,A,BRETENIERE,6710988,B21
462,Pautet,269814537,21,A,BRETENIERE,6710988,B21
470,Petit Ouges,269814536,21,A,BRETENIERE,6710988,B21
1049,Silo,269814538,21,A,BRETENIERE,6710988,B21
467,Tilleul,269814533,21,A,BRETENIERE,6710988,B21
1046,Bretenière,269847553,21,R,LONGVIC Centre,6710988,B21
464,De Gaulle,269847558,21,R,LONGVIC Centre,6710988,B21
1037,Ecluse,269847562,21,R,LONGVIC Centre,6710988,B21
1047,la Garande,269847554,21,R,LONGVIC Centre,6710988,B21
10003,LONGVIC Centre,269847565,21,R,LONGVIC Centre,6710988,B21
127,Longvic Mairie,269847563,21,R,LONGVIC Centre,6710988,B21
1314,Longvic Zone Industrielle,269847561,21,R,LONGVIC Centre,6710988,B21
465,Ouges Mairie,269847559,21,R,LONGVIC Centre,6710988,B21
1051,Pautet,269847556,21,R,LONGVIC Centre,6710988,B21
463,Petit Ouges,269847557,21,R,LONGVIC Centre,6710988,B21
1292,Prevots,269847564,21,R,LONGVIC Centre,6710988,B21
1048,Silo,269847555,21,R,LONGVIC Centre,6710988,B21
466,Tilleul,269847560,21,R,LONGVIC Centre,6710988,B21
1147,CHEVIGNY Pont Neuf,269879559,22,A,FENAY,6710988,B22
1146,Colleys,269879558,22,A,FENAY,6710988,B22
1145,Domois,269879557,22,A,FENAY,6710988,B22
1039,Ecluse,269879555,22,A,FENAY,6710988,B22
1139,Fenay,269879560,22,A,FENAY,6710988,B22
10003,LONGVIC Centre,269879553,22,A,FENAY,6710988,B22
195,Longvic Mairie,269879554,22,A,FENAY,6710988,B22
1315,Longvic Zone Industrielle,269879556,22,A,FENAY,6710988,B22
1141,CHEVIGNY Pont Neuf,269912579,22,R,LONGVIC Centre,6710988,B22
1142,Colleys,269912580,22,R,LONGVIC Centre,6710988,B22
1143,Domois,269912581,22,R,LONGVIC Centre,6710988,B22
1037,Ecluse,269912583,22,R,LONGVIC Centre,6710988,B22
1139,Fenay,269912577,22,R,LONGVIC Centre,6710988,B22
1140,La Pringolle,269912578,22,R,LONGVIC Centre,6710988,B22
10003,LONGVIC Centre,269912586,22,R,LONGVIC Centre,6710988,B22
127,Longvic Mairie,269912584,22,R,LONGVIC Centre,6710988,B22
1314,Longvic Zone Industrielle,269912582,22,R,LONGVIC Centre,6710988,B22
1292,Prevots,269912585,22,R,LONGVIC Centre,6710988,B22
244,Alphonse Mairey,269943556,23,A,CHENOVE Vieux Bourg,6710988,B23
246,Bazin,269943558,23,A,CHENOVE Vieux Bourg,6710988,B23
498,Carraz,269943555,23,A,CHENOVE Vieux Bourg,6710988,B23
523,Carraz,269944323,23,A,CHENOVE Vieux Bourg,6710988,B23
245,Gambetta,269943557,23,A,CHENOVE Vieux Bourg,6710988,B23
124,Les Ateliers,269943553,23,A,CHENOVE Vieux Bourg,6710988,B23
0,Navette CEM,269944324|269944321,23,A,CHENOVE Vieux Bourg,6710988,B23
248,Rue de Longvic,269943559,23,A,CHENOVE Vieux Bourg,6710988,B23
1270,Sembat,269944322|269943554,23,A,CHENOVE Vieux Bourg,6710988,B23
515,Vieux Bourg,269943560,23,A,CHENOVE Vieux Bourg,6710988,B23
263,Alphonse Mairey,269976838,23,R,Les Ateliers,6710988,B23
261,Bazin,269976836,23,R,Les Ateliers,6710988,B23
523,Carraz,269976839,23,R,Les Ateliers,6710988,B23
1623,CHENÔVE Centre,269976834,23,R,Les Ateliers,6710988,B23
262,Gambetta,269976837,23,R,Les Ateliers,6710988,B23
124,Les Ateliers,269976841,23,R,Les Ateliers,6710988,B23
1262,Sembat,269976840,23,R,Les Ateliers,6710988,B23
1624,Thibaut,269976835,23,R,Les Ateliers,6710988,B23
515,Vieux Bourg,269976833,23,R,Les Ateliers,6710988,B23
60,Atria,270406410|270404106,30,A,Grand Marché,13395456,Proxi 30
57,Bois du Roy,270406407|270404103,30,A,Grand Marché,13395456,Proxi 30
1136,Bressey-sur-Tille,270406401|270404097,30,A,Grand Marché,13395456,Proxi 30
1138,Bressey Zone Artisanale,270406402|270404098,30,A,Grand Marché,13395456,Proxi 30
1052,Capucines,270406403|270404099,30,A,Grand Marché,13395456,Proxi 30
1066,Château,270406414,30,A,Grand Marché,13395456,Proxi 30
1333,CHEVIGNY Mairie,270406404|270404100,30,A,Grand Marché,13395456,Proxi 30
1067,Collège Rostand,270406415,30,A,Grand Marché,13395456,Proxi 30
1651,Grand Marché,270406413|270404109,30,A,Grand Marché,13395456,Proxi 30
56,Lycee Boivin,270406406|270404102,30,A,Grand Marché,13395456,Proxi 30
59,Lycee de Serres,270406409|270404105,30,A,Grand Marché,13395456,Proxi 30
1334,Moliere,270406405|270404101,30,A,Grand Marché,13395456,Proxi 30
61,Quetignerot,270406411|270404107,30,A,Grand Marché,13395456,Proxi 30
1650,Quetigny C.Cial,270406412|270404108,30,A,Grand Marché,13395456,Proxi 30
58,Visitation,270406408|270404104,30,A,Grand Marché,13395456,Proxi 30
99,Atria,270438915|270438149,30,R,BRESSEY,13395456,Proxi 30
102,Bois du Roy,270438918|270438152,30,R,BRESSEY,13395456,Proxi 30
1136,Bressey-sur-Tille,270438924|270438158,30,R,BRESSEY,13395456,Proxi 30
1137,Bressey Zone Artisanale,270438923|270438157,30,R,BRESSEY,13395456,Proxi 30
1058,Capucines,270438922|270438156,30,R,BRESSEY,13395456,Proxi 30
1064,Château,270438146,30,R,BRESSEY,13395456,Proxi 30
113,CHEVIGNY Mairie,270438921|270438155,30,R,BRESSEY,13395456,Proxi 30
1063,Collège Rostand,270438145,30,R,BRESSEY,13395456,Proxi 30
1651,Grand Marché,270438913|270438147,30,R,BRESSEY,13395456,Proxi 30
1172,Lycee Boivin,270438919|270438153,30,R,BRESSEY,13395456,Proxi 30
100,Lycee de Serres,270438916|270438150,30,R,BRESSEY,13395456,Proxi 30
1335,Moliere,270438920|270438154,30,R,BRESSEY,13395456,Proxi 30
98,Quetignerot,270438914|270438148,30,R,BRESSEY,13395456,Proxi 30
101,Visitation,270438917|270438151,30,R,BRESSEY,13395456,Proxi 30
897,Artisans,270469379,31,A,Grand Marché,13395456,Proxi 31
60,Atria,270469389,31,A,Grand Marché,13395456,Proxi 31
57,Bois du Roy,270469386,31,A,Grand Marché,13395456,Proxi 31
1052,Capucines,270469382,31,A,Grand Marché,13395456,Proxi 31
1333,CHEVIGNY Mairie,270469383,31,A,Grand Marché,13395456,Proxi 31
892,Géraniums,270469380,31,A,Grand Marché,13395456,Proxi 31
1651,Grand Marché,270469392,31,A,Grand Marché,13395456,Proxi 31
56,Lycee Boivin,270469385,31,A,Grand Marché,13395456,Proxi 31
59,Lycee de Serres,270469388,31,A,Grand Marché,13395456,Proxi 31
1132,Magny sur Tille,270469377,31,A,Grand Marché,13395456,Proxi 31
1326,Menuisiers,270469378,31,A,Grand Marché,13395456,Proxi 31
1334,Moliere,270469384,31,A,Grand Marché,13395456,Proxi 31
893,Peret,270469381,31,A,Grand Marché,13395456,Proxi 31
61,Quetignerot,270469390,31,A,Grand Marché,13395456,Proxi 31
1650,Quetigny C.Cial,270469391,31,A,Grand Marché,13395456,Proxi 31
58,Visitation,270469387,31,A,Grand Marché,13395456,Proxi 31
891,Artisans,270502925,31,R,MAGNY,13395456,Proxi 31
99,Atria,270502915,31,R,MAGNY,13395456,Proxi 31
102,Bois du Roy,270502918,31,R,MAGNY,13395456,Proxi 31
1058,Capucines,270502922,31,R,MAGNY,13395456,Proxi 31
113,CHEVIGNY Mairie,270502921,31,R,MAGNY,13395456,Proxi 31
896,Géraniums,270502924,31,R,MAGNY,13395456,Proxi 31
1651,Grand Marché,270502913,31,R,MAGNY,13395456,Proxi 31
1172,Lycee Boivin,270502919,31,R,MAGNY,13395456,Proxi 31
100,Lycee de Serres,270502916,31,R,MAGNY,13395456,Proxi 31
1132,Magny sur Tille,270502927,31,R,MAGNY,13395456,Proxi 31
1327,Menuisiers,270502926,31,R,MAGNY,13395456,Proxi 31
1335,Moliere,270502920,31,R,MAGNY,13395456,Proxi 31
895,Peret,270502923,31,R,MAGNY,13395456,Proxi 31
98,Quetignerot,270502914,31,R,MAGNY,13395456,Proxi 31
101,Visitation,270502917,31,R,MAGNY,13395456,Proxi 31
837,Complexe Funéraire,270535937,32,A,Piscine Olympique,13395456,Proxi 32
824,CREPS,270535939,32,A,Piscine Olympique,13395456,Proxi 32
823,De Coubertin,270535938,32,A,Piscine Olympique,13395456,Proxi 32
26,Piscine Olympiqu,270535940,32,A,Piscine Olympique,13395456,Proxi 32
837,Complexe Funéraire,270568452,32,R,Complexe Funéraire,13395456,Proxi 32
835,CREPS,270568450,32,R,Complexe Funéraire,13395456,Proxi 32
836,De Coubertin,270568451,32,R,Complexe Funéraire,13395456,Proxi 32
26,Piscine Olympiqu,270568449,32,R,Complexe Funéraire,13395456,Proxi 32
629,Bourroches Eiffel,270599179,33,A,FLAVIGNEROT,13421568,Proxi 33
659,Cent Ecus,270599174,33,A,FLAVIGNEROT,13421568,Proxi 33
0,Combe à la Serpent,270599173,33,A,FLAVIGNEROT,13421568,Proxi 33
0,Corcelles les Mo,270599171,33,A,FLAVIGNEROT,13421568,Proxi 33
0,FLAVIGNEROT,270599169,33,A,FLAVIGNEROT,13421568,Proxi 33
0,Les Pins,270599172,33,A,FLAVIGNEROT,13421568,Proxi 33
1621,Monge,270599180,33,A,FLAVIGNEROT,13421568,Proxi 33
660,Noblemaire,270599175,33,A,FLAVIGNEROT,13421568,Proxi 33
661,Patte dOie,270599176,33,A,FLAVIGNEROT,13421568,Proxi 33
0,Rente Neuve,270599170,33,A,FLAVIGNEROT,13421568,Proxi 33
628,Rossignol Eiffel,270599178,33,A,FLAVIGNEROT,13421568,Proxi 33
664,Roussottes,270599177,33,A,FLAVIGNEROT,13421568,Proxi 33
604,Bourroches Eiffel,270633730,33,R,Monge,13421568,Proxi 33
0,Cent Ecus,270633735,33,R,Monge,13421568,Proxi 33
0,Combe à la Serpent,270633736,33,R,Monge,13421568,Proxi 33
0,Corcelles les Mo,270633737,33,R,Monge,13421568,Proxi 33
0,FLAVIGNEROT,270633740,33,R,Monge,13421568,Proxi 33
0,Les Pins,270633738,33,R,Monge,13421568,Proxi 33
1621,Monge,270633729,33,R,Monge,13421568,Proxi 33
655,Noblemaire,270633734,33,R,Monge,13421568,Proxi 33
654,Patte dOie,270633733,33,R,Monge,13421568,Proxi 33
0,Rente Neuve,270633739,33,R,Monge,13421568,Proxi 33
605,Rossignol Eiffel,270633731,33,R,Monge,13421568,Proxi 33
663,Roussottes,270633732,33,R,Monge,13421568,Proxi 33
1045,AÉROPORT,270663944,EXP,A,Gare SNCF,13395456,Express
1041,BA 102,270663945,EXP,A,Gare SNCF,13395456,Express
186,Chancenotte,270663940,EXP,A,Gare SNCF,13395456,Express
4,Gare SNCF,270663937,EXP,A,Gare SNCF,13395456,Express
123,Gare SNCF,270663938,EXP,A,Gare SNCF,13395456,Express
195,Longvic Mairie,270663943,EXP,A,Gare SNCF,13395456,Express
237,Monge,270663939,EXP,A,Gare SNCF,13395456,Express
193,Prevots,270663942,EXP,A,Gare SNCF,13395456,Express
192,Valentin,270663941,EXP,A,Gare SNCF,13395456,Express
1044,AÉROPORT,270696962,EXP,R,BA 102,13395456,Express
1041,BA 102,270696961,EXP,R,BA 102,13395456,Express
137,Chancenotte,270696966,EXP,R,BA 102,13395456,Express
4,Gare SNCF,270696968,EXP,R,BA 102,13395456,Express
127,Longvic Mairie,270696963,EXP,R,BA 102,13395456,Express
270,Monge,270696967,EXP,R,BA 102,13395456,Express
1292,Prevots,270696964,EXP,R,BA 102,13395456,Express
131,Valentin,270696965,EXP,R,BA 102,13395456,Express
25,Auditorium,271058946,40,A,Toison dOr,13395456,Flexo 40
1400,Boutaric,271058949,40,A,Toison dOr,13395456,Flexo 40
110,Cracovie,271058953,40,A,Toison dOr,13395456,Flexo 40
107,CRAM,271058954,40,A,Toison dOr,13395456,Flexo 40
1342,Dallas CRI,271058950,40,A,Toison dOr,13395456,Flexo 40
549,Epirey Cap Nord,271058952,40,A,Toison dOr,13395456,Flexo 40
586,Malines,271058956,40,A,Toison dOr,13395456,Flexo 40
548,Mayence,271058951,40,A,Toison dOr,13395456,Flexo 40
1398,Poincaré,271058947,40,A,Toison dOr,13395456,Flexo 40
573,Quignard,271058957,40,A,Toison dOr,13395456,Flexo 40
1615,République,271058945,40,A,Toison dOr,13395456,Flexo 40
1078,Toison dOr,271058960,40,A,Toison dOr,13395456,Flexo 40
1371,Toison dOr,271058959,40,A,Toison dOr,13395456,Flexo 40
1399,York,271058948,40,A,Toison dOr,13395456,Flexo 40
587,Yser,271058955,40,A,Toison dOr,13395456,Flexo 40
336,Zenith,271058958,40,A,Toison dOr,13395456,Flexo 40
24,Auditorium,271091469,40,R,République,13395456,Flexo 40
1401,Boutaric,271091466,40,R,République,13395456,Flexo 40
109,Cracovie,271091463,40,R,République,13395456,Flexo 40
108,CRAM,271091462,40,R,République,13395456,Flexo 40
484,Epirey Cap Nord,271091464,40,R,République,13395456,Flexo 40
580,Malines,271091460,40,R,République,13395456,Flexo 40
547,Mayence,271091465,40,R,République,13395456,Flexo 40
1403,Poincaré,271091468,40,R,République,13395456,Flexo 40
593,Quignard,271091459,40,R,République,13395456,Flexo 40
1615,République,271091470,40,R,République,13395456,Flexo 40
1078,Toison dOr,271091457,40,R,République,13395456,Flexo 40
1402,York,271091467,40,R,République,13395456,Flexo 40
579,Yser,271091461,40,R,République,13395456,Flexo 40
1390,Zenith,271091458,40,R,République,13395456,Flexo 40
891,Artisans,271124238,41,A,Chevigny ZI,13395456,Flexo 41
99,Atria,271124227,41,A,Chevigny ZI,13395456,Flexo 41
1053,Avenue de Tavaux,271124240,41,A,Chevigny ZI,13395456,Flexo 41
1321,Champs Creux,271124230,41,A,Chevigny ZI,13395456,Flexo 41
1322,CHEVIGNY,271124231,41,A,Chevigny ZI,13395456,Flexo 41
1055,CHEVIGNY Zone Industrielle,271124242,41,A,Chevigny ZI,13395456,Flexo 41
1054,Excellence 2000,271124241,41,A,Chevigny ZI,13395456,Flexo 41
890,Fonderie,271124237,41,A,Chevigny ZI,13395456,Flexo 41
1651,Grand Marché,271124225,41,A,Chevigny ZI,13395456,Flexo 41
1325,J.Moulin,271124234,41,A,Chevigny ZI,13395456,Flexo 41
1324,Kennedy,271124233,41,A,Chevigny ZI,13395456,Flexo 41
1323,LOgive,271124232,41,A,Chevigny ZI,13395456,Flexo 41
100,Lycee de Serres,271124228,41,A,Chevigny ZI,13395456,Flexo 41
1326,Menuisiers,271124236,41,A,Chevigny ZI,13395456,Flexo 41
98,Quetignerot,271124226,41,A,Chevigny ZI,13395456,Flexo 41
111,Seurre,271124235,41,A,Chevigny ZI,13395456,Flexo 41
114,Seurre,271124239,41,A,Chevigny ZI,13395456,Flexo 41
101,Visitation,271124229,41,A,Chevigny ZI,13395456,Flexo 41
891,Artisans,271157255,41,R,Grand Marché,13395456,Flexo 41
60,Atria,271157264,41,R,Grand Marché,13395456,Flexo 41
1057,Avenue de Tavaux,271157251,41,R,Grand Marché,13395456,Flexo 41
1332,Champs Creux,271157261,41,R,Grand Marché,13395456,Flexo 41
1331,CHEVIGNY,271157260,41,R,Grand Marché,13395456,Flexo 41
1055,CHEVIGNY Zone Industrielle,271157249,41,R,Grand Marché,13395456,Flexo 41
1056,Excellence 2000,271157250,41,R,Grand Marché,13395456,Flexo 41
890,Fonderie,271157254,41,R,Grand Marché,13395456,Flexo 41
1651,Grand Marché,271157267,41,R,Grand Marché,13395456,Flexo 41
1328,J.Moulin,271157257,41,R,Grand Marché,13395456,Flexo 41
1329,Kennedy,271157258,41,R,Grand Marché,13395456,Flexo 41
1330,LOgive,271157259,41,R,Grand Marché,13395456,Flexo 41
59,Lycee de Serres,271157263,41,R,Grand Marché,13395456,Flexo 41
1326,Menuisiers,271157253,41,R,Grand Marché,13395456,Flexo 41
61,Quetignerot,271157265,41,R,Grand Marché,13395456,Flexo 41
1650,Quetigny C.Cial,271157266,41,R,Grand Marché,13395456,Flexo 41
111,Seurre,271157252,41,R,Grand Marché,13395456,Flexo 41
114,Seurre,271157256,41,R,Grand Marché,13395456,Flexo 41
58,Visitation,271157262,41,R,Grand Marché,13395456,Flexo 41